recipe_id,recipe_name,cuisine_type,description,image_url,is_vegan
1,양배추롤,한식,"양배추 잎을 데쳐서 부드럽게 합니다. 다진 소고기, 잘게 다진 양파와 당근, 밥을 섞어 소금과 후추로 간을 합니다. 양배추 잎에 소고기 혼합물을 넣고 롤을 만듭니다. 오븐이나 스팀으로 조리합니다.",,TRUE
2,데리야끼 치킨,일식,"닭고기를 적당한 크기로 자릅니다. 닭고기를 설탕, 간장, 데리야끼 소스, 갈은 생강과 마늘에 버무립니다. 팬에 기름을 두르고 닭고기를 중불에서 익힙니다. 닭고기가 익으면 녹말을 조금 물에 풀어 소스를 두껍게 만듭니다.",,FALSE
3,닭한마리 칼국수,한식,"닭을 깨끗이 손질하고 큰 조각으로 자릅니다. 대파, 마늘, 생강을 넣고 물에 닭을 푹 고아 국물을 만듭니다. 국물이 우러나면 면을 넣고 끓입니다. 간장과 참기름으로 간을 맞추고 대파를 송송 썰어 넣어 마무리합니다.",,FALSE
4,대구지리탕,한식,"대구를 깨끗이 손질하고 큼직하게 자릅니다. 무를 얇게 저며 넣고, 대파와 마늘을 함께 넣어 끓입니다. 고추장, 고춧가루, 간장으로 매콤하게 간을 맞춥니다. 대구가 부드럽게 익을 때까지 중불에서 조리합니다.",,TRUE
5,감자 그라탕,양식,"감자와 양파를 얇게 슬라이스합니다. 버터를 녹인 뒤, 감자와 양파를 층층이 담고 각 층마다 소금, 후추, 모짜렐라치즈를 뿌립니다. 우유와 생크림을 부어서 오븐에서 180도에서 30분간 구웁니다.",,TRUE
6,치킨스테이크,양식,"닭가슴살에 소금, 후추로 양념합니다. 올리브유를 두른 팬에 각종 허브와 함께 닭가슴살을 앞뒤로 잘 굽습니다. 골고루 익힌 닭가슴살을 접시에 담고, 원하는 채소와 함께 서빙합니다.",,FALSE
7,골뱅이소면무침,한식,"소면을 삶아 찬물에 헹구고 물기를 빼둡니다. 오이와 깻잎은 얇게 채를 썰어줍니다. 골뱅이는 물기를 빼고 적당한 크기로 자릅니다. 고추장, 간장, 설탕, 식초, 참기름을 섞어 양념장을 만듭니다. 모든 재료를 양념장에 버무려 서빙합니다.",,TRUE
8,크림스파게티,양식,"스파게티 면을 삶습니다.팬에 버터와 다진 마늘을 녹인 후, 생크림을 넣고 부드럽게 끓입니다.삶은 면을 넣고 잘 섞은 후, 파마산 치즈와 함께 소금과 후추로 간을 맞춥니다.",,TRUE
9,로제파스타,양식,베이컨은 작은 조각으로 자르고 양파와 마늘은 다져줍니다.팬에 베이컨을 볶다가 양파와 마늘을 추가하여 향이 나도록 볶습니다.토마토소스와 생크림을 넣고 잘 섞어줍니다.소금과 후추로 간을 맞추고 잘 끓여줍니다.끓는 물에 소금을 넣고 스파게티면을 삶아서 소스와 잘 섞어줍니다.,,TRUE
10,차돌박이 숙주볶음,한식,"팬을 달구고 차돌박이를 볶습니다.마늘을 다져 넣고 향이 나면 숙주나물을 추가합니다.간장, 소금, 후추로 간을 맞추고, 마지막에 참기름을 넣어 향을 더합니다.",,FALSE
11,가츠동,일식,"양파를 채 썰어 팬에 볶다가 미림, 간장, 설탕을 넣어 달달 볶습니다.돈까스를 조각내어 양파가 있는 팬에 넣고 계란을 풀어 부어줍니다.계란이 반쯤 익었을 때 불을 끄고 밥 위에 얹어 서빙합니다.",,FALSE
12,부추전,한식,"부추는 깨끗이 씻어 잘게 썰어 줍니다.밀가루에 물과 소금을 넣고 반죽을 만든 뒤, 계란을 풀어 넣고 부추를 넣어 섞습니다.팬에 기름을 두르고 부추전 반죽을 얇게 펴서 양면을 바삭하게 부칩니다.",,TRUE
13,해물 하이라이스,일식,"해물은 깨끗이 손질하여 준비합니다.팬에 올리브유를 두르고 마늘, 양파, 파프리카를 볶습니다.해물을 추가하고 살짝 익힌 뒤 토마토소스와 함께 볶습니다.밥을 넣고 모든 재료가 잘 섞이도록 볶은 후 서빙합니다.",,TRUE
14,마파두부덮밥,중식,"두부는 사각형으로 잘라 물에 데쳐 놓습니다.팬에 고추기름을 두르고 마늘, 양파를 볶다가 돼지고기를 넣고 볶습니다.고추장, 된장, 간장, 설탕을 넣고 잘 섞습니다.물을 조금 부어 끓으면 두부를 넣고 감자전분물로 농도를 조절합니다.밥 위에 마파두부를 얹어서 서빙합니다.",,FALSE
15,고기떡만둣국,한식,"소고기는 간장, 마늘, 참기름으로 양념합니다.냄비에 물을 넣고 떡과 만두를 넣어 끓입니다.고기 양념을 넣고 계속 끓입니다.계란을 풀어 넣고, 대파를 송송 썰어 넣은 후 소금과 후추로 간을 맞춥니다.",,FALSE
16,치킨마요,일식,"닭가슴살을 소금, 후추로 간한 후 구워서 잘게 찢습니다.양배추와 당근은 얇게 채 썰어 물에 담갔다가 물기를 빼고, 마요네즈와 섞습니다.밥 위에 양배추 샐러드와 닭가슴살을 올려서 서빙합니다.",,FALSE
17,계란말이 ,한식,계란을 깨서 소금과 후추로 간을 합니다.대파는 송송 썰어 계란물에 넣습니다.팬에 식용유를 두르고 계란물을 부어 약불에서 천천히 굴려가며 말아줍니다.,,TRUE
18,스테이크 덮밥,양식,소고기는 소금과 후추로 간을 한 후 올리브유를 두른 팬에서 원하는 정도로 구웁니다.같은 팬에 채소를 볶습니다.밥 위에 구운 스테이크와 볶은 채소를 올려 서빙합니다.,,FALSE
19,봄동 겉절이,한식,"봄동은 깨끗이 씻어 물기를 제거합니다.마늘과 생강은 곱게 다집니다.볼에 고춧가루, 멸치액젓, 다진 마늘, 생강, 참기름, 참깨를 섞어 양념을 만듭니다.봄동에 양념을 넣고 골고루 버무립니다.",,TRUE
20,알탕,한식,"무를 얇게 썰어 냄비에 넣고 물을 부어 끓입니다.물이 끓으면 고춧가루, 고추장, 간장, 마늘을 넣고 간을 맞춥니다.물고기 알을 넣고 부드럽게 익을 때까지 끓입니다.대파는 송송 썰어 국물이 끓을 때 추가합니다.",,TRUE
21,순두부찌개,한식,팬에 돼지고기를 볶다가 마늘과 고춧가루를 넣고 향이 나도록 볶습니다.멸치육수를 부어 끓이다가 순두부를 조심스럽게 넣습니다.간장으로 간을 맞추고 대파를 넣어 마무리합니다.,,FALSE
22,토마토소스김치스파게티,양식,"베이컨을 작게 잘라 팬에 볶습니다.다진 마늘과 잘게 썬 김치를 추가하여 볶습니다.토마토소스를 넣고 잘 섞은 뒤, 약간 끓입니다.별도로 삶은 스파게티면을 소스에 넣고 잘 버무립니다.",,FALSE
23,오징어볶음,한식,"오징어는 깨끗이 손질하여 먹기 좋은 크기로 자릅니다.팬에 오징어와 야채를 넣고 볶다가 고추장, 간장, 설탕, 다진 마늘을 넣어 볶습니다.모든 재료가 잘 어우러지면 참기름을 둘러 마무리합니다.",,TRUE
24,누룽지닭백숙,한식,"닭은 깨끗이 손질하고 물에 담가 핏물을 뺍니다.큰 냄비에 누룽지를 깔고 그 위에 닭과 대파, 마늘을 넣습니다.물을 부어 끓이다가 천일염으로 간을 합니다.닭이 완전히 익을 때까지 중불에서 천천히 끓입니다.",,FALSE
25,닭볶음탕,한식,"닭은 깨끗이 손질하고 큼직하게 자릅니다.감자, 당근, 양파는 적당한 크기로 자릅니다.닭과 모든 야채를 넣고 고추장, 고춧가루, 간장, 마늘, 설탕을 넣어 볶습니다.물을 부어 닭이 부드러워질 때까지 끓이고, 참기름을 넣어 마무리합니다.",,FALSE
26,시래기 청국장,한식,"시래기는 미리 불려서 준비합니다.팬에 청국장을 풀고 물을 넣어 끓입니다.불린 시래기와 다진 마늘, 대파, 청양고추를 넣고 함께 끓입니다.간장으로 간을 맞추고 충분히 끓여 시래기가 부드러워질 때까지 조리합니다.",,FALSE
27,아욱국,한식,"건멸치는 물에 헹궈 육수를 내고, 건져내고 된장을 풀어 넣습니다.아욱은 깨끗이 씻어 적당한 크기로 자릅니다.된장 육수가 끓으면 아욱, 양파, 풋고추를 넣고 끓입니다.아욱이 충분히 익으면 불을 끄고 참기름을 몇 방울 떨어뜨려 향을 더합니다.",,TRUE
28,대구탕,한식,"대구는 깨끗이 손질하여 큼직하게 자릅니다.냄비에 물을 붓고 대구, 건다시마, 콩나물을 넣고 끓입니다.팽이버섯, 쑥갓, 홍고추, 대파를 추가하고 국간장과 소금으로 간을 맞춥니다.모든 재료가 잘 익을 때까지 끓입니다.",,TRUE
29,돼지불고기,한식,"돼지고기는 얇게 썰어 간장, 설탕, 다진 마늘, 참기름, 고추장, 후추로 양념합니다.잘 버무린 고기를 팬에 올려 중불에서 빠르게 볶습니다.고기가 거의 익었을 때 대파를 넣고 함께 볶아 마무리합니다.",,FALSE
30,규동,일식,"소고기는 얇게 채 썰고, 양파도 얇게 채 씁니다.팬에 소고기와 양파를 넣고 간장, 미림, 설탕을 부어 빠르게 볶습니다.계란을 풀어서 고기 위에 부어 스크램블을 만듭니다.밥 위에 소고기와 계란을 얹어 서빙합니다.",,FALSE
31,길거리토스트,양식,"양배추, 양파는 얇게 채 썰고, 햄은 작게 자릅니다.팬에 버터를 녹이고 채소와 햄을 볶습니다.볶은 재료를 식빵 위에 올리고, 계란을 풀어 그 위에 부어 함께 굽습니다.치즈를 올리고 다른 식빵으로 덮어 약간 눌러주며 굽습니다.",,FALSE
32,수제버거,양식,"소고기 패티에 소금과 후추로 간을 해서 그릴이나 팬에서 굽습니다.햄버거 번을 반으로 자르고 약간 토스트합니다.번의 아래쪽에 마요네즈, 키첩, 머스타드소스를 바르고, 양배추, 토마토, 양파, 피클을 올립니다.그 위에 구운 패티와 치즈를 놓고 다시 뚜껑을 덮습니다.",,FALSE
33,멸치볶음,한식,팬에 참기름을 두르고 마늘을 볶아 향을 낸 후 멸치를 추가합니다.멸치가 바삭해질 때까지 볶다가 고추장과 설탕을 넣고 볶습니다.마지막에 참기름을 넣고 볶아 마무리합니다.,,TRUE
34,스팸마요덮밥,일식,"스팸은 적당한 크기로 썰어서 팬에 볶습니다.볶은 스팸을 밥 위에 올립니다.계란은 스크램블 형태로 만들어 스팸 옆에 놓습니다.마요네즈와 참기름을 뿌리고, 김가루를 살짝 뿌려서 서빙합니다.",,FALSE
35,감자전,한식,"감자를 강판에 곱게 갈아줍니다.계란을 풀어 갈아 놓은 감자에 섞고 소금, 후추로 간을 합니다.팬에 식용유를 두르고 감자 반죽을 얇게 펴서 노릇노릇하게 부칩니다.",,TRUE
36,코다리조림,한식,"코다리는 깨끗이 손질하고 적당한 크기로 자릅니다.간장, 설탕, 고추장, 고춧가루, 다진 마늘로 양념장을 만듭니다.팬에 양념장을 두르고 코다리를 넣어 약불에서 천천히 조립합니다.양파, 대파, 청양고추를 넣고 더 조려서 완성합니다.",,TRUE
37,닭개장,한식,"닭고기는 깨끗이 손질하여 큼직하게 자르고 물에 핏물을 빼둡니다.냄비에 물과 닭고기를 넣고 끓이면서 거품을 제거합니다.고춧가루, 다진 마늘, 간장으로 국물에 간을 하고, 대파와 숙주를 추가합니다.계란을 풀어 넣고 마지막에 참기름을 떨어뜨려 향을 더합니다.",,FALSE
38,오징어 초무침,한식,"오징어는 삶아서 먹기 좋은 크기로 자릅니다.양파, 파, 무순은 채 썰어줍니다.고추장, 고춧가루, 마늘, 진간장, 식초, 설탕, 참기름으로 양념을 만듭니다.모든 재료를 섞어 잘 버무리고 냉장고에서 잠시 차게 해서 서빙합니다.",,TRUE
39,삼겹살숙주볶음,한식,"삼겹살은 얇게 썰어 팬에 볶아 기름을 빼냅니다.볶은 삼겹살에 다진 마늘, 대파를 추가하여 향을 냅니다.숙주를 넣고 빠르게 볶다가 간장, 고추장, 설탕으로 간을 합니다.불을 끄고 참기름을 넣어 마무리합니다.",,FALSE
40,매운닭발 숯불구이,한식,"닭발은 깨끗이 손질하고 물에 데칩니다.고추장, 고춧가루, 간장, 설탕, 다진 마늘, 매실청으로 양념을 만듭니다.닭발에 양념을 발라가며 숯불에 구웁니다.구운 닭발에 청양고추와 대파를 곁들여서 서빙합니다.",,FALSE
41,과메기구이,한식,"과메기는 해동 후 잘 펴서 준비합니다.마늘은 채 썰어 준비하고, 고추장과 참기름을 섞어 양념장을 만듭니다.과메기 위에 마늘과 양념장을 올리고, 약한 불에서 천천히 구워냅니다.소금을 살짝 뿌려 마무리합니다.",,TRUE
42,부대찌개,한식,"햄과 소시지는 적당한 크기로 자르고, 양파와 김치도 잘게 썹니다.큰 냄비에 물을 붓고 햄, 소시지, 양파, 김치를 넣고 끓입니다.고추장과 토마토소스를 넣고 국물이 어우러지도록 끓입니다.라면사리와 두부를 넣고 끓이다가 완성 직전에 파를 넣어 마무리합니다.",,FALSE
43,보쌈,한식,"삼겹살을 깨끗이 씻고 큰 냄비에 넣습니다.물을 붓고 소금, 설탕, 월계수잎, 후추를 넣고 푹 고습니다.고기가 부드러워지면 꺼내어 적당한 크기로 썰어 줍니다.김치, 마늘, 쌈장과 함께 식탁에 내어 마음껏 즐깁니다.",,FALSE
44,볶음 쌀국수 팟타이,기타,"쌀국수는 미리 불려서 준비합니다.팬에 기름을 두르고 새우를 볶다가 달걀을 풀어 넣고 볶습니다.콩나물과 파를 넣고 빠르게 볶습니다.타마린드 소스, 고춧가루, 설탕을 넣고 국수와 잘 섞습니다.땅콩을 뿌려 마무리합니다.",,TRUE
45,두부덮밥,한식,"두부는 물기를 제거하고 소금을 뿌려 팬에서 구웁니다.다른 팬에서 계란을 부쳐 준비합니다.간장, 설탕, 고추장, 다진 마늘, 참기름을 섞어 양념장을 만듭니다.밥 위에 구운 두부와 계란을 올리고 양념장을 뿌려서 먹습니다.",,TRUE
46,홍합 토마토 푸질리 스튜,양식,"홍합은 깨끗이 씻어 준비합니다.팬에 올리브유를 두르고 다진 양파와 마늘을 볶습니다.화이트와인을 부어 알코올이 날아가도록 합니다.토마토퓌레를 넣고 잘 섞은 후, 홍합을 넣고 뚜껑을 닫아 쪄냅니다.홍합이 입을 벌리면 푸질리 파스타를 넣고 함께 끓입니다.소금과 후추로 간을 맞추고, 파스타가 익으면 불을 끕니다.",,TRUE
47,감자볶음,한식,감자는 껍질을 벗기고 얇게 채 썰어 물에 담가 감자전분을 제거합니다.팬에 기름을 두르고 마늘을 볶다가 감자를 추가합니다.간장과 설탕으로 간을 하고 약한 불에서 감자가 부드러워질 때까지 볶습니다.참기름과 깨를 넣고 마무리합니다.,,TRUE
48,애호박새우젓볶음,한식,애호박은 얇게 슬라이스합니다.팬에 들기름을 두르고 마늘을 볶다가 애호박을 추가합니다.새우젓을 넣고 애호박이 익을 때까지 볶습니다.완성되면 통깨를 뿌려 서빙합니다.,,TRUE
49,짜장떡볶이,한식,떡볶이 떡은 물에 담가 불려줍니다.팬에 기름을 두르고 다진 양파와 대파를 볶습니다.짜장소스를 넣고 조금 볶다가 물을 부어 끓입니다.떡볶이 떡을 넣고 약한 불에서 떡이 부드러워질 때까지 끓입니다.간장과 설탕으로 간을 맞춥니다.,,TRUE
50,날치알 계란 덮밥,한식,계란은 풀어서 스크램블 형태로 부드럽게 부쳐 줍니다.밥 위에 부쳐진 계란을 올립니다.날치알과 잘게 썬 대파를 위에 올립니다.간장과 참기름을 살짝 뿌려서 서빙합니다.,,TRUE
51,치킨마요덮밥,일식,치킨너겟을 튀기거나 오븐에 구워 줍니다.계란을 풀어서 후라이팬에 부칩니다.공기밥을 그릇에 담고 부친 계란을 얹어줍니다.위에 치킨너겟을 올리고 마요네즈를 곁들여서 완성합니다.,,FALSE
52,해물파전,한식,"양파와 쪽파를 채썰어 준비합니다.쭈꾸미는 적당한 크기로 썰어 준비합니다.조개류는 소금물에 담가 깨끗하게 씻어냅니다.볼에 부침가루, 계란, 물, 고춧가루, 간장, 식초를 넣고 고루 섞어 부침반죽을 만듭니다.양념에 씻어낸 조개류와 양파, 쪽파를 넣고 고루 섞어줍니다.팬에 식용유를 두르고 높은 불에서 데워줍니다.양념한 재료를 넣고 빠르게 볶아줍니다.쭈꾸미와 얼음을 넣고 살짝 끓여줍니다.물을 넣고 한소끔 끓여준 후 뚜껑을 덮고 중불에서 조리합니다.익어가는 동안 살짝만 섞어줍니다.완성된 파전은 접시에 담아서 참기름과 식초를 섞은 양념장과 함께 내놓습니다.",,TRUE
53,충무김밥,한식,"반건조 오징어를 씻어서 먹기 좋은 크기로 썰어줍니다.대파를 송송 썰어줍니다.볼에 오징어, 대파, 집간장, 참기름, 생강 엑기스, 매실 엑기스, 고춧가루, 마늘을 넣고 잘 섞어줍니다. 30분 정도 재워 마리네이드를 합니다.밥을 김밥통에 깔고, 위에 준비한 오징어와 대파를 올려줍니다.꿀을 조금 뿌려준 후 참깨를 뿌려줍니다.김밥통을 닫고 약간의 힘을 주며 눌러줍니다.눌린 김밥을 깨끗한 봉지로 싸서 마무리합니다.",,TRUE
54,오지치즈후라이,양식,"감자를 깍둑썰어 물에 담가 전분기를 제거합니다.기름에 감자를 골고루 튀겨 바삭하게 익혀낸 후 소금과 후추로 간을 합니다.튀긴 감자 위에 모짜렐라 치즈를 올려 녹이고, 녹은 치즈 위에 다시 튀긴 감자를 올려주고 바삭한 튀김을 완성합니다.",,TRUE
55,유채나물 된장무침,한식,"유채나물을 깨끗이 씻어 준비합니다.끓는 물에 소금을 약간 넣고 유채나물을 데칩니다.데친 유채나물을 찬물에 헹궈 물기를 제거합니다.된장, 고춧가루, 다진 마늘, 참기름을 넣고 골고루 버무려 줍니다.마지막으로 깨소금을 뿌려 완성합니다.",,TRUE
56,떡꼬치,한식,"떡을 꼬치에 꿴 준비합니다.양파와 파프리카를 적당한 크기로 잘라 꼬치에 꿴 준비합니다.소세지를 잘라 꼬치에 꿴 준비합니다.떡, 양파, 파프리카, 소세지 순으로 꼬치에 올려 줍니다.스모크 소스를 발라 완성합니다.",,TRUE
57,생선까스,일식,"생선을 소금과 후추로 조금씩 재웁니다.밀가루, 계란물, 빵가루 순으로 튀깁니다.곁들일 소스를 준비하여 곁들여 완성합니다.",,TRUE
58,닭꼬치,한식,"닭가슴살을 적당한 크기로 잘라줍니다.양파와 대파를 동일한 크기로 잘라 준비합니다.간장, 설탕, 다진 마늘, 후추, 참기름으로 양념장을 만들어 닭가슴살에 골고루 바릅니다.닭가슴살과 채소를 꼬치에 번갈아 꽂아 준비합니다.뜨거운 프라이팬에 구워 완성합니다.",,FALSE
59,쭈꾸미볶음,한식,"쭈꾸미는 씻어서 물기를 제거하고 적당한 크기로 잘라줍니다.양파와 대파를 채썰어 준비합니다.팬에 기름을 두르고 다진 마늘을 볶아 향을 낸 뒤 양파와 대파를 넣고 볶습니다.쭈꾸미를 넣고 살짝 볶아준 뒤 고추장, 고춧가루, 설탕, 참기름을 넣고 볶아 완성합니다.",,TRUE
60,명란파스타,양식,물에 소금을 넣고 파스타 면을 삶아 줍니다.팬에 버터를 녹이고 다진 마늘을 볶아 향을 낸 뒤 명란을 넣어 볶아줍니다.생크림을 넣고 끓여 소스를 만들어 줍니다.삶은 파스타 면을 소스에 넣고 고루 섞어줍니다.소금과 후추로 간을 맞춘 뒤 파슬리를 곁들여 완성합니다.,,TRUE
61,오징어 버터구이,한식,오징어는 적당한 크기로 잘라준 뒤 소금과 후추로 간을 합니다.팬에 버터를 녹이고 다진 마늘을 볶아 향을 낸 뒤 오징어를 넣어 구워줍니다.양면이 고루 익을 때까지 구워 완성합니다.파슬리를 곁들여서 내취에 맞게 가꾸어 줍니다.,,TRUE
62,콘치즈 샐러드,양식,옥수수를 삶아 준비합니다.각종 야채는 채썰어 준비합니다.모든 재료를 크기에 따라 적당히 섞어주고 마요네즈와 후추로 간을 맞춰줍니다.파슬리를 곁들여 완성합니다.,,TRUE
63,오이무침,한식,"오이를 얇게 채썰고 소금에 조금 절입니다.절여진 오이를 찬물에 헹궈 소금물을 제거해 줍니다.오이에 다진 마늘, 고춧가루, 설탕, 식초, 참기름을 넣고 잘 섞어줍니다.깨를 뿌려 마무리합니다.소불고기",,TRUE
64,소불고기,한식,"쇠고기는 적당한 크기로 잘라 준비합니다.양파, 대파, 당근 등을 채썰어 준비합니다.팬에 기름을 두르고 쇠고기를 넣어 볶아줍니다.쇠고기가 익으면 양파, 대파, 당근을 넣고 함께 볶아줍니다.간장, 설탕, 참기름, 다진 마늘, 후추로 양념을 만들어 넣고 볶아 완성합니다.",,FALSE
65,깻잎나물,한식,"깻잎은 깨끗이 씻어 준비합니다.끓는 물에 소금을 넣고 깻잎을 살짝 데쳐줍니다.데친 깻잎을 찬물에 헹궈 찬물기를 제거해 줍니다.다진 마늘, 참기름, 소금을 넣고 잘 버무려 줍니다.깨를 뿌려 마무리합니다.",,TRUE
66,두부조림,한식,"두부를 적당한 크기로 잘라 준비합니다.팬에 간장, 설탕, 다진 마늘을 넣고 끓인 후 두부를 넣어 볶아줍니다.두부가 양념이 골고루 베이도록 잘 버무려줍니다.참기름을 넣고 한 번 더 볶아줍니다.마지막으로 깨를 뿌려 완성합니다.",,TRUE
67,홍어회무침,한식,"홍어회를 적당한 크기로 잘라 준비합니다.다진 파, 다진 마늘을 고추장, 설탕, 식초, 참기름과 함께 골고루 섞어 양념을 만듭니다.양념에 홍어회를 넣고 잘 버무려줍니다.깨를 뿌려 마무리합니다.",,TRUE
68,아구찜,한식,"아구를 적당한 크기로 썰어주세요.대파, 양파, 고추를 채썰어주세요.팬에 다진 마늘을 볶아 향을 내신 후 대파, 양파, 고추를 넣고 함께 볶아주세요.양념장을 만들어서 넣고 고루 섞어주세요.아구를 넣고 물을 부어주신 후 뚜껑을 덮고 중불에서 약 15분 정도 끓여주세요.다 익었으면 마지막으로 파를 곁들여 완성합니다.",,TRUE
69,동태조림,한식,"동태는 손질하여 적당한 크기로 자릅니다.대파, 양파, 고추를 채썰어 준비합니다.팬에 다진 마늘을 볶아 향을 내신 후 대파, 양파, 고추를 넣고 함께 볶아줍니다.동태를 넣고 간장, 설탕을 넣고 볶아줍니다.물을 부어 끓여줍니다.동태가 익으면 참기름을 넣고 마무리해줍니다.",,TRUE
70,돈까스,일식,"돈육 안심을 두께에 맞게 썰어줍니다.밀가루, 달걀, 빵가루 순서대로 묻혀 튀김옷을 입힙니다.팬에 식용유를 두르고 돈까스를 넣어 노릇하게 튀겨줍니다.종이타월에 올려 기름을 제거합니다.",,FALSE
71,굴밥,한식,"밥을 지어 줍니다.팬에 다진 마늘을 볶아 향을 내고 굴을 넣어 볶아줍니다.간장, 설탕을 넣고 간을 맞춰줍니다.밥 위에 굴 볶음을 얹어주고 참기름을 뿌려 완성합니다.",,TRUE
72,알리오올리오,양식,"스파게티를 삶아 물기를 제거합니다.팬에 올리브 오일을 두르고 다진 마늘을 볶아 향을 낸 후 건조 파슬리를 넣어 볶습니다.삶은 스파게티를 넣고 소금, 후추로 간을 조절합니다.그릇에盛하여 파마산 치즈를 곁들여 완성합니다.",,TRUE
73,마늘빵,양식,빵에 버터를 바르고 다진 마늘을 뿌립니다.파슬리가루를 뿌려줍니다.오븐에 넣어 빵이 바삭해질 때까지 구워줍니다.,,TRUE
74,해물 스파게티,양식,스파게티를 삶아 물기를 제거합니다.팬에 올리브 오일을 두르고 다진 마늘을 볶아 향을 낸 후 해물을 넣어 볶습니다.토마토 소스를 넣고 간을 맞춰줍니다.삶은 스파게티를 넣고 함께 볶아줍니다.그릇에 소분하여 파마산 치즈와 파슬리를 곁들여 완성합니다.,,TRUE
75,된장 깻잎 짱아찌,한식,"깻잎을 씻어 물기를 제거합니다.된장, 고추장, 다진 마늘, 참기름을 잘 섞은 마리네이드를 만듭니다.깻잎에 마리네이드를 발라 한 잎씩 쌓아 짱아찌를 만들어줍니다.냉장고에서 보관하여 숙성시킨 후 섭취합니다.",,TRUE
76,날치알쌈,한식,"상추를 깨끗이 씻어 물기를 빼줍니다.참깨와 깨소금을 뿌린 후 쌈장을 발라줍니다.김을 펴고 반으로 접어 큰 튀김기로 겉을 바삭하게 구워줍니다.식초에 소금, 설탕을 넣고 섞어 소스를 만듭니다.상추에 김을 싸고 날치알을 올려 소스와 함께 즐깁니다.",,TRUE
77,고추장찌개,한식,"두부는 2cm 두께로 썬 후 양파, 대파, 청양고추도 적당한 크기로 잘라줍니다.냄비에 물을 붓고 고추장, 된장, 다진 마늘, 소금, 고춧가루를 넣고 끓입니다.끓기 시작하면 양념이 잘 섞이도록 저어가면서 두부와 채소를 넣어주세요.뚜껑을 덮고 약한 불에서 10분 정도 더 끓여줍니다. 고추장의 맛이 배어든 고추장찌개 완성입니다.",,TRUE
78,주꾸미볶음,한식,"주꾸미는 씻어 물기를 제거하고 먹기 좋은 크기로 썰어 준비합니다.팬에 기름을 두르고 다진 마늘을 볶다가 주꾸미를 넣고 볶아줍니다.주꾸미가 반쯤 익으면 양파와 대파를 넣고 함께 볶아줍니다.고추장, 고춧가루, 설탕을 넣고 간을 맞춰줍니다.마지막으로 참기름을 넣고 깨소금을 뿌려 완성합니다.",,TRUE
79,그릴치즈 샌드위치,양식,식빵에 치즈를 얹고 뚜껑을 덮습니다.팬에 버터를 녹여 식빵에 굽습니다,,TRUE
80,미트볼,양식,"소고기 미트에 다진 양파, 다진 마늘, 빵가루, 우유, 계란, 소금, 후추, 다진 파슬리를 넣고 잘 섞어줍니다.손으로 미트볼 모양을 만들어 준비해둔 팬에 구워줍니다.미트볼이 익으면 토마토 소스를 넣고 함께 조리해줍니다.",,FALSE
81,소고기 카레,양식,"쇠고기는 한입 크기로 썰어 소금, 후추를 뿌려둡니다.팬에 식용유를 두르고 쇠고기를 볶아줍니다.쇠고기가 반쯤 익으면 다진 양파를 넣고 함께 볶아줍니다.감자와 당근을 넣고 물을 부어 끓입니다.끓기 시작하면 카레 가루를 넣고 설탕을 조금 넣어 간을 맞춰줍니다.",,FALSE
82,찜닭,한식,"닭고기는 한입 크기로 썬 후 간장, 설탕, 다진 마늘, 다진 생강, 고춧가루를 넣고 양념에 재우세요.감자, 당근, 양파는 한입 크기로 썰어 끓는 물에 살짝 데친 후 물기를 빼주세요.냄비에 닭고기와 채소를 넣고 물을 부어주고 뚜껑을 덮고 끓입니다.",,FALSE
83,미역줄기볶음,한식,"미역줄기는 씻어서 삶아줍니다.팬에 다진 마늘을 볶다가 미역줄기를 넣고 볶아줍니다.간장, 설탕, 고춧가루를 넣고 간을 맞춰줍니다.참기름과 깨를 뿌려 완성합니다.",,TRUE
84,떡볶이,한식,"떡은 물에 불려 불순물을 제거합니다.어묵은 먹기 좋은 크기로 썰고 파, 당근, 양파는 얇게 채썰어 준비합니다.팬에 물을 붓고 고추장, 고춧가루, 설탕, 다진 마늘을 넣고 끓입니다.끓기 시작하면 떡과 어묵을 넣고 익힙니다.야채를 넣고 익은 후 불을 끄고 완성합니다.",,TRUE
85,찹스테이크,양식,등심은 얇게 썰어 소금과 후추를 뿌려주세요.팬에 식용유를 두르고 스테이크를 구워줍니다.양파와 감자는 채썰어 볶아낸 후 스테이크와 함께 곁들여 완성합니다.,,FALSE
86,훈제 닭 가슴살 샐러드,양식,"훈제 닭 가슴살은 적당한 크기로 썰어 준비합니다.채소는 씻어 먹기 좋은 크기로 썰어줍니다.볼에 올리브 오일, 식초, 소금, 후추를 섞어 드레싱을 만듭니다.채소에 드레싱을 곁들여 훈제 닭 가슴살과 함께 샐러드를 완성합니다.",,FALSE
87,김치볶음밥,한식,"팬에 식용유를 두르고 양파, 당근을 볶아줍니다.김치와 참치, 햄을 넣고 볶아줍니다.밥과 간장, 김치 국물을 넣고 볶아줍니다.계란프라이를 올려 완성합니다.",,TRUE
88,또띠아 피자,양식,오븐을 180도로 예열합니다.또띠아 위에 토마토 소스를 발라줍니다.모짜렐라 치즈와 원하는 토핑을 올려줍니다.예열한 오븐에서 10-15분간 굽거나 치즈가 녹을 때까지 구워줍니다.,,TRUE
89,칠리연어 퀘사딜라,양식,"연어는 얇게 썰어 소금과 후추를 뿌려주세요.퀘사딜라 위에 양파, 파슬리, 연어를 골고루 올립니다.레몬 쥬스와 올리브 오일을 살짝 뿌려서 마무리합니다.",,TRUE
90,뚝배기 계란찜,한식,"계란은 깨지지 않도록 잘 풀어주세요.양파, 대파, 청양고추를 채썰어주세요.뚝배기에 계란을 부어주고 채썰은 야채를 올려주세요.마지막으로 소금, 후추, 깨를 뿌려주고 뚜껑을 덮고 약불에서 익혀주세요.",,TRUE
91,부추김치전,한식,부추김치를 채썰어 준비합니다.부추는 한입 크기로 잘라주세요.밀가루와 계란을 섞어 튀김 옷을 만들어 부추김치와 부추를 감싸주세요.팬에 식용유를 두르고 부추김치전을 부치면서 노릇하게 구워주세요.,,TRUE
92,참치 샌드위치,양식,"참치캔을 물기를 제거하고 그릇에 담아 으깬 후 마요네즈, 레몬 주스, 소금, 후추를 넣고 잘 섞어주세요.식빵 한 조각에 상추와 토마토를 얹고 참치를 올린 후 다른 식빵으로 덮어주어 샌드위치를 완성합니다.",,TRUE
93,볶음우동,일식,"우동면을 끓는 물에 삶아 준비합니다.팬에 식용유를 두르고 다진 마늘을 볶아香기를 낸 후 돼지고기를 넣고 볶아주세요.양파, 당근, 양배추를 넣고 볶아주세요.간장, 설탕, 참기름을 넣고 간을 맞춘 후 우동면을 넣어 볶아주세요.대파와 후추를 뿌려 완성합니다.",,TRUE
94,멸치주먹밥,한식,밥에 멸치액젓을 조금 넣고 잘 섞어 준비합니다.김에 밥을 올리고 손으로 주먹을 쥐어 밥을 모양을 만듭니다.참기름과 깨를 뿌려 완성합니다.,,TRUE
95,쫄면,한식,"물에 면을 넣고 삶아주세요.양파, 오이, 당근은 채썰어 준비해주세요.간장, 고춧가루, 설탕, 식초, 다진 마늘을 섞어 양념장을 만듭니다.삶은 면에 채썬 채소와 양념장을 곁들여 완성합니다.",,TRUE
96,오믈렛,양식,"계란을 그릇에 깨고 우유, 소금, 후추를 넣어 풀어줍니다.팬에 식용유를 두르고 다진 양파와 대파를 볶습니다. (옵션 재료인 햄 또는 소시지, 채소를 추가할 경우 함께 볶아줍니다.)볶은 재료 위에 계란을 부어줍니다.가운데로 접시를 올려서 뒤집어 반죽이 익도록 조리합니다.",,FALSE
97,만두그라탕,양식,만두를 삶아서 준비합니다.오븐용 접시에 베케티 소스를 바른 후 삶은 만두를 올립니다.위에 모짜렐라 치즈를 뿌려주고 오븐에서 10분간 구워줍니다.장식용으로 파슬리를 뿌려 완성합니다.,,FALSE
98,시금치프리타타,양식,"시금치를 삶아서 물기를 꼭 짜고 잘게 다진 후 준비합니다.계란을 그릇에 깨고 우유, 소금, 후추를 넣어 풀어줍니다.팬에 올리브 오일을 두르고 다진 양파와 마늘을 볶습니다. 시금치를 넣고 함께 볶아줍니다.볶은 재료 위에 계란을 부어주고 고루 섞어주며 익혀줍니다.",,TRUE
99,연어스테이크,양식,"연어 스테이크에 소금, 후추를 뿌려 준비합니다.팬에 올리브 오일을 두르고 연어 스테이크를 노릇하게 구워줍니다.그릇에 올리고 레몬 조각과 로즈마리를 올려 장식합니다.",,TRUE
100,베리크림치즈크레이프,양식,크레페 스킨 위에 크림치즈를 바른 후 생크림을 고르게 발라줍니다.베리류를 고루 올려줍니다.접어서 롤 형태로 만들고 잘라서 접시에 담아 줍니다.,,TRUE
101,길거리 토스트,양식,"식빵에 마요네즈와 케찹을 바릅니다.양배추, 토마토, 햄을 올려줍니다.다른 식빵으로 덮어서 토스트기에 넣고 노릇하게 구워줍니다.자른 후 소금과 후추를 뿌려 완성합니다.",,FALSE
102,봄동비빔국수,한식,"국수를 끓는 물에 삶아서 찬물에 헹궈둡니다.봄동, 당근, 오이를 채썰어 준비합니다.고추장, 간장, 설탕, 다진 마늘을 섞어 양념장을 만듭니다.국수에 채썬 채소와 양념장을 곁들여 섞어줍니다. 만약 참치캔을 넣을 경우 함께 섞어줍니다.",,TRUE
103,파절이,한식,"파를 손질하여 소금에 살짝 절입니다.다진 마늘, 고춧가루, 식초, 설탕, 참기름을 넣고 잘 섞어줍니다.",,TRUE
104,웨지감자,양식,"감자를 씻고 깨끗이 닦은 후 웨지 형태로 잘라줍니다.감자에 올리브 오일, 소금, 후추를 뿌려 골고루 섞어줍니다.오븐에 200도에서 약 20분간 구워줍니다.구워진 감자에 장식용으로 파슬리를 뿌려 완성합니다.",,TRUE
105,매콤멸치 치즈김밥,한식,"밥에 고추장, 소금, 설탕, 식초를 넣고 매콤한 양념을 만들어줍니다.김 위에 밥을 넓게 펴서 올리고 양파, 당근, 양배추, 멸치볶음, 참치를 넣어줍니다. (참치는 옵션입니다.)마요네즈를 발라준 후 모짜렐라 치즈를 얹고 꼬리를 말아 김밥을 만듭니다.",,TRUE
106,대파라면,한식,대파를 손질하여 채썬 후 팬에 식용유를 두르고 볶아줍니다.다진 마늘을 넣고 함께 볶아줍니다.물을 끓여서 라면을 삶습니다.삶은 라면에 볶은 대파와 계란을 넣고 깨소금과 후추를 뿌려 완성합니다.,,TRUE
107,허니브래드,양식,"밀가루, 베이킹파우더, 소금을 섞은 후 버터와 우유를 넣고 반죽합니다.반죽을 평평한 모양으로 빚은 후 오븐에서 구워줍니다.구운 빵에 꿀을 발라서 완성합니다.",,TRUE
108,기름떡볶이,한식,"떡, 어묵, 양파, 당근, 대파를 썰어 준비합니다.팬에 물과 술을 넣고 끓인 후 고추장, 고춧가루, 설탕, 다진 마늘, 다진 생강을 넣고 끓입니다.끓는 물에 준비한 재료를 넣고 익을 때까지 조리합니다.",,TRUE
109,연어마요덮밥,한식,"연어를 굽거나 삶아서 손질하고 잘게 찢어줍니다.연어를 그릇에 담고 마요네즈, 간장, 설탕, 다진 파를 넣고 골고루 섞어줍니다.밥 위에 연어 마요네즈를 올리고 깨소금과 김가루를 뿌려줍니다.김을 곁들여서 완성합니다.",,TRUE
110,꽈리고추 멸치볶음,한식,꽈리고추를 손질하여 씨를 제거하고 썰어줍니다.팬에 식용유를 두르고 다진 마늘을 볶다가 멸치를 넣고 볶아줍니다.멸치가 볶아지면 꽈리고추를 넣고 함께 볶습니다.고추장과 설탕을 넣고 골고루 볶아서 완성합니다.,,TRUE
111,마약김밥,한식,김 위에 밥을 넓게 펴서 올리고 간장을 조금 발라줍니다.준비한 재료를 밥 위에 넣고 마요네즈를 발라줍니다.체다치즈를 올리고 꼬리를 말아 마약김밥을 만듭니다.,,TRUE
112,고등어김치찌개,한식,고등어는 비위를 제거하고 깨끗이 씻은 후 먹기 좋은 크기로 자릅니다.김치는 적당한 크기로 잘라줍니다.냄비에 물과 된장을 넣고 끓입니다.끓는 물에 고추장과 다진 마늘을 넣고 고등어와 김치를 넣어줍니다.익을 때까지 끓인 후 대파를 뿌려 완성합니다.,,TRUE
113,해물라면,한식,냄비에 물을 끓여 라면을 넣고 물을 붓습니다.해물믹스를 더해 끓입니다.다진 마늘과 파를 넣고 고추장과 고춧가루를 조금씩 넣어 간을 맞춥니다.김치를 썰어 넣고 함께 끓여줍니다.계란을 더해 끓으면 완성입니다.,,TRUE
114,라면땅,한식,라면은 끓는 물에 삶아 건져 물기를 뺍니다.양파와 당근을 다져 준비합니다.후라이팬에 식용유를 두르고 다진 양파와 당근을 볶아줍니다.볶은 양파와 당근에 삶은 라면을 넣고 함께 볶아줍니다.계란을 풀어서 후라이팬에 부어 계란빵을 만들어 완성합니다.,,TRUE
115,몬테크리스토 샌드위치,양식,식빵에 햄과 치즈를 올려 쌓고 다른 식빵으로 덮습니다.계란에 우유를 넣고 풀어줍니다.팬에 버터를 녹인 후 식빵 샌드위치를 찍어 계란물을 입힙니다.양면이 노릇해질 때까지 구워줍니다.필요하다면 시럽을 뿌려 완성합니다.,,TRUE
116,김치볶음라면,한식,라면을 끓는 물에 넣고 물기가 날 때까지 삶아줍니다.냄비에 김치와 김치 국물을 넣고 끓입니다.참치나 소고기를 넣어 볶아줍니다.삶은 라면을 김치 속에 넣고 함께 볶아줍니다.계란을 올려 뚜껑을 덮고 익을 때까지 삶아 완성합니다.,,TRUE
117,김치비빔국수,한식,"국수를 삶아 찬물에 헹궈 차가운 물에 헹굽니다.김치와 참치나 소고기를 잘게 썬 후 볼에 담습니다.식초, 설탕, 간장, 고춧가루, 참기름을 넣고 잘 섞어 양념장을 만듭니다.국수와 양념장을 함께 섞어 김치비빔국수를 완성합니다.",,FALSE
118,모짜렐라 피자,양식,"피자 반죽을 동그랗게 미는 뒤 피자 팬에 올려줍니다.토마토 소스를 고루 발라줍니다.모짜렐라 치즈를 위에 올려줍니다.올리브 오일을 조금 뿌려주고 바질 잎을 얹어주면서 예열된 오븐에서 굽습니다.치즈가 녹고 피자 반죽이 바삭해질 때까지 굽고, 완성 후 바로 내어 서빙합니다.",,TRUE
119,봉골레 파스타,양식,스파게티를 끓는 소금물에 넣고 삶아 줍니다.팬에 올리브 오일을 두르고 다진 마늘을 볶아 향을 낸 뒤 건새우를 넣어 볶아줍니다.삶은 스파게티를 건새우와 올리브 오일에 넣고 섞어줍니다.소금과 후추로 간을 맞추고 다진 파슬리를 넣어주며 마무리합니다.,,TRUE
120,간장새우,한식,"새우는 껍질을 벗기고 손질한 뒤 먼저 물기를 제거해줍니다.팬에 식용유를 두르고 새우를 볶아줍니다.별로의 볼에 간장, 설탕, 다진 마늘, 다진 생강, 식초, 참기름을 섞어 양념을 만들어줍니다.볶아낸 새우에 양념을 넣고 골고루 섞어줍니다.",,TRUE
121,배추찜,한식,"배추는 적당한 크기로 잘라줍니다.돼지고기는 양념장을 넣어 재워둡니다.대파와 마늘은 다져주고, 간장, 설탕, 참기름을 섞어 양념장을 만듭니다.배추, 돼지고기, 양념장을 넣고 약불에서 조리해줍니다",,TRUE
122,잔치국수,한식,"끓는 물에 면을 삶아서 찬물에 헹궈 식힙니다.멸치 다시마 육수를 냄비에 끓여줍니다.면을 찬물에 헹궈 물기를 빼고 그릇에옮깁니다.멸치 다시마 육수를 붓고 소금, 식초를 넣어 맛을 낸 뒤 면 위에 부어줍니다.다진 파, 양파, 대파, 고추를 올려 완성합니다.",,TRUE
123,콩나물밥,한식,콩나물은 끓는 물에 살짝 데쳐줍니다.팬에 식용유를 두르고 다진 마늘을 볶아 향을 낸 뒤 다진 양파를 넣어 볶아줍니다.데쳐진 콩나물을 넣고 볶아줍니다.밥을 넣고 소금으로 간을 맞춰 볶아줍니다.,,TRUE
124,부타동,일식,"대파, 당근, 오이는 채썰어 준비합니다.미역은 물에 불려 부드럽게 만들어줍니다.팬에 식용유를 두르고 다진 마늘을 볶아 향을 낸 뒤 새우를 넣어 볶아줍니다.별로의 볼에 간장, 설탕, 식초, 고춧가루를 섞어 양념장을 만들고 국수면에 곁들여 완성합니다.",,TRUE
125,함박스테이크,양식,"다진 쇠고기에 다진 양파, 당근, 대파, 마늘, 빵가루, 달걀, 소금, 후추를 넣고 골고루 섞어줍니다.형태를 잡아 팬에 올리브 오일을 두르고 노릇하게 구워줍니다.",,FALSE
126,오이피클,양식,"오이를 얇게 슬라이스해줍니다.볼에 식초, 설탕, 소금, 다진 마늘, 다진 양파, 후추를 넣고 잘 섞어 양념장을 만듭니다.오이를 양념장에 넣고 잘 버무려 줍니다.",,TRUE
127,명이나물 장아찌,한식,"명이나물을 깨끗이 씻어 준비합니다.양파, 당근, 대파를 채썰어 준비합니다.냄비에 물을 끓여 명이나물을 데쳐줍니다.별로의 볼에 고춧가루, 고추장, 설탕, 다진 마늘, 식초를 섞어 양념장을 만들어 줍니다.데친 명이나물에 양념장을 골고루 버무려 완성합니다.",,TRUE
128,두릅꼬막비빔밥,한식,"두릅을 깨끗이 씻고 끓는 물에 살짝 데쳐줍니다.꼬막을 깨끗이 씻어준 후 찜기에 찜하여 준비합니다.쌀밥을 준비합니다.별도의 볼에 식초, 설탕, 간장, 다진 파, 다진 마늘을 섞어 양념장을 만듭니다.데쳐진 두릅과 찜한 꼬막에 양념장을 골고루 버무려줍니다.그릇에 쌀밥을 담고 그 위에 양념된 두릅과 꼬막을 올려 깨소금과 참기름을 뿌려 완성합니다.",,TRUE
129,고구마맛탕,한식,고구마를 씻어 껍질을 벗긴 후 둥글게 썰어 삶아 물기를 뺀다. 달콤한 소스를 만들어 고구마에 발라 완성한다.,,TRUE
130,딸기타르트,양식,파이크러스트 위에 딸기를 올리고 설탕과 물엿을 넣어 삶아 딸기채소를 만든다. 이를 파이크러스트에 올리고 생크림을 올려 완성한다.,,TRUE
131,피자빵,양식,피자용 식빵을 준비하고 각 조각에 토마토소스를 골고루 바릅니다. 피자치즈와 원하는 피자 토핑을 올립니다. 미리 예열된 오븐이나 전자렌지에서 치즈가 녹고 가장자리가 바삭해질 때까지 굽습니다.,,TRUE
132,치즈케이크,양식,"비스킷을 잘 부숴 크러스트를 만들고 녹인 버터를 섞어 바닥에 깔아줍니다. 크림치즈, 우유, 설탕, 계란, 바닐라 익스트랙트를 넣고 고루 섞은 후 크러스트 위에 부어줍니다. 175°C로 예열된 오븐에서 황금색이 될 때까지 굽습니다.",,TRUE
133,버터롤,양식," 밀가루에 부드러운 버터를 넣고 손으로 잘 섞은 후 설탕, 계란, 소금을 추가하여 반죽합니다. 반죽을 롤 모양으로 만들고 오븐에서 금방색이 나도록 구웁니다.",,TRUE
134,멍게비빔밥,한식,"멍게를 깨끗이 손질한 후 조리된 밥과 함께 버무립니다. 간장, 참기름, 깨소금, 다진 파, 다진 마늘을 넣고 잘 섞어 마무리합니다.
",,TRUE
135,김치그라탕,양식,"김치를 잘게 썰고 스파게티면을 삶아 준비합니다. 팬에 베이컨, 양파, 양송이버섯을 볶고 김치와 면을 넣어 섞은 후 생크림을 부어 줍니다. 모짜렐라 치즈를 위에 뿌리고 오븐에서 치즈가 녹을 때까지 구웁니다.",,TRUE
136,유채나물무침,한식,"유채나물을 끓는 물에 데친 후 찬물에 헹궈 물기를 빼고, 다진 파, 다진 마늘, 고추가루, 참기름, 깨소금과 함께 골고루 버무립니다.",,TRUE
137,무말랭이무침,한식,"말린 무를 얇게 채 썰어 물에 재운 후 소금, 식초, 설탕, 다진 마늘, 고춧가루, 참기름, 깨소금과 함께 잘 버무립니다. 잠시 냉장고에서 차게 식혀서 서빙합니다.",,TRUE
138,두루치기,한식,"돼지고기를 양념(간장, 설탕, 다진 마늘)에 재워둔 후 뜨거운 팬에 볶습니다. 양파, 당근, 대파 등의 야채를 추가하고 볶다가 마무리로 참기름과 깨소금을 넣어 풍미를 더합니다.",,FALSE
139,꼬막 골뱅이무침,한식,"꼬막과 골뱅이를 각각 데친 후 깨끗이 손질합니다. 간장, 고추장, 참기름, 다진 파, 다진 마늘, 고춧가루로 양념장을 만들어 골고루 버무립니다.",,TRUE
140,타코야키,일식,"타코야키 팬에 밀가루 반죽을 붓고 문어, 쪽파, 픽크스, 진저를 넣습니다. 반죽이 익을 때까지 팬을 돌려 구운 후 타코야키 소스, 마요네즈, 가츠오부시, 아오노리로 마무리합니다.",,TRUE
141,된장찌개,한식,"된장을 물에 풀어 끓이기 시작하고, 무, 양파, 대파, 고추, 돼지고기를 넣고 끓입니다. 맛을 내기 위해 다진 마늘, 청양고추를 추가하고 마지막에 참기름과 깨소금을 넣어 마무리합니다.",,FALSE
142,캘리포니아롤,일식,"김밥용 김 위에 쌀밥을 펴고 간장에 절인 아보카도, 송이 버섯, 크림치즈, 마요네즈를 넣습니다. 롤을 만들어 자른 후 와사비와 간장을 곁들여 제공합니다.",,TRUE
143,오뎅찌개,일식,무와 양파를 적당한 크기로 잘라줍니다.오뎅을 씻어준 후 대파와 함께 끓는 물에 넣고 데칩니다.무와 양파를 넣고 끓입니다.다진 마늘과 청양고추를 넣고 간을 맞춰줍니다.고춧가루와 된장을 넣고 끓입니다.소금과 참기름을 넣고 간을 맞춰준 후 완성합니다.,,TRUE
144,프렌치 토스트,양식,"달걀과 우유, 설탕을 넣고 잘 섞어줍니다.식빵을 담궈준 후 달걀 우유 속에 담궈줍니다.팬에 버터를 녹인 후 담궈둔 식빵을 구워줍니다.양쪽이 고르게 구워지도록 뒤집어 가며 익혀줍니다.골고루 익혀진 후 완성합니다.",,TRUE
145,콩국수,한식,"두부를 적당한 크기로 잘라줍니다.냄비에 물을 끓여 소금을 넣고 두부를 넣어 살짝 데쳐줍니다.소면을 넣고 익을 때까지 삶아줍니다.익은 면을 찬물에 헹궈 식힌 후 물기를 빼줍니다.냉면 그릇에 면과 오이, 견과류를 담고 흰우유를 부어줍니다.소멘을 얹고 완성합니다.",,TRUE
146,호박고로케,양식,단호박을 껍질을 벗기고 갈아줍니다.남은 동그랑땡과 전을 으깬 단호박에 넣고 섞어줍니다.콘츠로스트와 빵가루를 넣고 다시 섞어줍니다.생크림을 넣고 반죽의 농도를 조절해줍니다.계란을 넣고 골고루 섞어줍니다.팬에 기름을 두르고 반죽을 넣어 노릇하게 구워줍니다.접시에 담아 완성합니다.,,FALSE
147,사천식 쇠고기볶음,중식,"쇠고기를 얇게 채 썰어줍니다.팬에 식용유를 두르고 쇠고기를 볶아줍니다.쇠고기가 익으면 셀러리, 배추, 파, 숙주를 넣고 볶아줍니다.간장, 닭육수, 두반장을 넣고 볶아줍니다.칠리 후레이크와 사천 후추로 간을 해줍니다.녹말가루를 물과 함께 넣고 끓여줍니다.마지막으로 코리안더를 뿌려 완성합니다.",,FALSE
148,연어 야채죽,한식,"백미를 씻어 물에 담궈줍니다.연어 을 넣고 함께 끓입니다.다진 당근, 양파, 부추를 넣고 더 끓입니다.참기름과 소금, 굴소스로 간을 해줍니다.물이 적당히 졸아들면 완성합니다.",,TRUE
149,마녀수프,양식,"닭 가슴살을 삶아 찢어줍니다.토마토, 샐러리, 파프리카, 양파, 당근, 양배추를 채썰어 준비합니다.냄비에 물을 끓여 닭 가슴살과 모든 채소를 넣고 끓입니다.카레 분말을 넣고 간을 해줍니다.끓인 후에는 소금으로 간을 맞추고, 마지막으로 코리안더를 뿌려줍니다.",,FALSE
150,볶음라면,일식,신라면을 끓는 물에 삶아 준비합니다.대파를 채썰어 준비합니다.끓인 라면에 대파를 얹어 완성합니다.,,FALSE
151,게살 중화 볶음밥,중식,"크래미를 해동하여 준비합니다.대파, 느타리버섯, 팽이버섯을 채썰어 준비합니다.팬에 식용유를 두르고 대파와 마늘을 볶아 준비합니다.느타리버섯과 팽이버섯을 넣고 볶아 준비합니다.간장, 고춧가루, 술을 넣고 볶아 준비합니다.다시마육수와 감자전분을 넣고 끓여 준비합니다.마지막으로 미리 준비한 크래미를 넣고 볶아 완성합니다.",,TRUE
152,배추국,한식,"배추를 썰어 준비합니다.냄비에 물을 끓여 배추를 넣고 끓입니다.다시마와 멸치를 넣고 육수를 내줍니다.된장과 맛소금으로 간을 해준 후, 끓이다가 완성합니다.",,TRUE
153,토마토라면,일식,"토마토, 양파, 고추, 파를 썰어 준비합니다.냄비에 물을 끓여 라면을 삶아 준비합니다.끓는 물에 토마토, 양파, 고추를 넣고 끓입니다.익은 라면에 양념과 채소를 넣고 섞어 완성합니다.",,TRUE
154,밀푀유 나베,양식,"숙주, 표고버섯, 팽이버섯, 청경채, 속배추, 깻잎을 씻어서 준비합니다.냄비에 다시마와 멸치를 넣고 물을 끓여 국물을 만들어줍니다.국물이 끓어오르면 국물용 멸치를 넣고 감칠맛을 낸 후 건더기를 걸러 깨끗한 국물을 만듭니다.냄비에 청경채와 속배추를 먼저 넣고 살짝 익혀줍니다.숙주와 버섯을 넣고 살짝 더 익혀줍니다.깻잎을 넣고 한 손씩 찢어 넣은 후 마무리합니다.",,TRUE
155,제육볶음,한식,"돼지고기를 채썰어줍니다.간장, 다진 마늘, 후추, 고춧가루, 물엿, 참기름을 섞어 양념장을 만듭니다.팬에 식용유를 두르고 돼지고기를 볶아줍니다.돼지고기가 익으면 양념장을 넣고 볶아주며 마무리합니다.",,FALSE
156,단호박튀김,일식,"단호박을 깨끗이 씻어 껍질을 벗겨주고, 얇게 슬라이스해줍니다.튀김가루, 감자전분, 계란 흰자, 얼음을 넣어 반죽을 만들어 줍니다.단호박 슬라이스를 반죽에 찍어 튀김용기름에 튀겨줍니다.바삭하게 튀겨져 나오면 종이타월에 밑간을 해준 후, 머스타드소스와 스위트칠리소스를 곁들여 완성합니다.",,TRUE
157,돼지앞다리살야채구이,한식,"돼지앞다리살을 얇게 채썰어줍니다.양파, 당근, 마늘, 오이, 고추를 준비해줍니다.팬에 식용유를 두르고 돼지앞다리살을 넣고 볶아줍니다.돼지앞다리살이 익으면 다른 재료를 넣고 함께 볶아주며 마무리합니다.",,FALSE
158,오이지,한식,오이를 깨끗이 씻어서 얇게 썰어줍니다.물에 소금을 넣고 잠시 담가 소금물에 절여줍니다.소금물에 절인 오이를 찬물에 헹궈준 후 천일염을 넣어 준비합니다.,,TRUE
159,연어초밥,일식,"연어를 잘라서 준비합니다.쌀밥 위에 고추냉이, 양조간장, 양파, 케이퍼, 마요네즈, 양파간것, 레몬즙, 백설탕, 소금, 식초를 올립니다.연어를 올려 완성합니다.",,TRUE
160,닭갈비,한식,"닭다리살을 잘라서 준비합니다.고추장, 고춧가루, 진간장, 생강가루, 미림, 양파즙, 백설탕, 매실청, 참기름, 후추, 다진 마늘을 섞어 양념을 만듭니다.닭다리살에 양념을 골고루 바르고 재워둡니다.팬에 식용유를 두르고 닭갈비를 볶아줍니다.",,FALSE
161,치즈계란밥,한식,계란과 치즈를 준비합니다.팬에 버터를 녹여서 계란을 볶아줍니다.볶은 계란 위에 치즈를 얹고 녹인 후 밥 위에 올려 완성합니다.,,TRUE
162,맥 앤 치즈,양식,파마산치즈와 체다치즈를 녹여 소스를 만듭니다. 버터를 녹여 밀가루를 볶아 소스에 넣고 우유를 부어 끓입니다. 삶은 마카로니를 소스에 넣고 섞어 완성합니다.,,TRUE
163,옥수수전,한식,옥수수를 준비하고 튀김가루와 물을 섞어 튀김옷을 만듭니다. 식용유를 예열한 후 옥수수를 넣고 튀겨줍니다. 튀긴 옥수수를 종이타월에 올려 기름을 빼고 소금을 뿌려 완성합니다.,,TRUE
164,햄버거,양식,햄버거용 재료들을 준비합니다. 돼지고기와 다양한 야채를 먹기 좋은 크기로 손질합니다. 각 재료를 적절히 익혀서 햄버거빵 사이에 쌓고 마무리합니다.,,FALSE
165,초계탕,한식,"닭가슴살을 적절한 크기로 자르고, 다양한 야채를 손질합니다. 냄비에 물과 각종 재료를 넣고 끓입니다. 재료가 익으면 불을 끄고 맛있는 초계탕이 완성됩니다.",,FALSE
166,문어연포탕,한식,"문어를 적절한 크기로 손질하고, 다양한 야채를 썰어 준비합니다. 냄비에 물과 함께 문어와 야채를 넣고 끓입니다. 재료가 익으면 마무리하여 문어연포탕을 완성합니다.",,TRUE
167,바베큐립,양식,돼지등갈비를 적절한 크기로 자르고 재료를 손질합니다. 냄비에 물과 함께 재료를 넣고 끓입니다. 재료가 익으면 바베큐 소스와 함께 볶아낸 후 완성합니다.,,FALSE
168,피자핫도그,양식,핫도그빵에 페페로니햄과 모짜렐라 치즈를 넣고 구웁니다. 피자소스를 발라주고 파슬리가루를 뿌립니다. 조리가 완료되면 완성된 피자핫도그를 맛있게 즐깁니다.,,FALSE
169,소시지야채볶음,한식,"프랑크소시지를 썰고 양파, 피망, 마늘을 다져 준비합니다. 달군 팬에 식용유를 두르고 마늘을 볶습니다. 마늘이 향이 나면 양파와 소시지를 넣고 볶아줍니다. 양파가 투명해지면 피망을 넣고 같이 볶습니다. 고추장, 굴소스, 물엿을 넣고 간을 맞추어 줍니다. 모든 재료가 고루 섞이고 익으면 완성하여 내놓습니다.",,FALSE
170,탕수육,중식,"돼지 목살을 썰어서 재료를 손질합니다. 소스 재료를 섞어 소스를 만듭니다. 돼지고기를 옥수수가루 반죽에 묻혀 튀겨낸 후, 기름에 반죽이 따라붙지 않도록 조리합니다. 소스를 끓여 국물이 농도가 있게 만든 후, 탕수육과 함께 내놓습니다.",,FALSE
171,닭계장,한식,"닭을 적절한 크기로 자르고 준비한 야채를 손질합니다. 냄비에 물을 붓고 닭과 야채를 넣어 끓입니다. 간장, 마늘, 고춧가루 등을 넣고 닭이 익을 때까지 조리합니다. 닭계장이 익으면 불을 끄고 마무리하여 내놓습니다.",,FALSE
172,김치 칼국수,한식,밀가루로 칼국수 반죽을 만들고 끓는 물에 넣어 끓입니다. 김치와 양파를 썰어 냄비에 넣고 물을 붓고 끓입니다. 끓는 국물에 준비한 칼국수를 넣고 적당히 익힌 후 마무리하여 내놓습니다.,,TRUE
173,닭칼국수,한식,닭을 적절하게 손질하고 준비한 야채를 썰어 냄비에 넣고 물을 붓고 끓입니다. 닭이 익으면 칼국수를 넣고 끓이며 적당한 시간을 조리합니다. 끓는 국물에 칼국수와 야채를 넣고 적당히 익힌 후 마무리하여 내놓습니다.,,FALSE
174,감자채 전,한식,감자와 양파를 채썰어서 준비합니다. 감자와 양파를 반죽 재료와 함께 섞어 전을 부칩니다. 부친 전을 다져준 파와 함께 내놓습니다.,,TRUE
175,코코넛 쉬림프,양식,"새우를 손질하고, 팬케이크 믹스, 맥주, 밀가루, 소금, 고운 고춧가루, 코코넛 플레이크를 준비합니다. 새우에 팬케이크 믹스를 입혀 식용유에 튀겨낸 후 플레이트에 내놓습니다. 소스를 만들어서 곁들여 내놓습니다.",,TRUE
176,통오징어구이,한식,오징어를 손질하고 재료를 다져놓습니다. 재료를 섞어 마리네이드를 만들고 오징어에 발라줍니다. 후라이팬에 기름을 두르고 오징어를 구워내놓습니다.,,TRUE
177,오뎅우동,일식,즉석 우동과 어묵탕을 각각 끓여줍니다. 우동과 어묵탕을 그릇에 담고 각종 양념 재료를 추가하여 내놓습니다.,,TRUE
178,핫 윙,양식,닭날개를 손질하고 소금과 후추로 간을 합니다. 옥수수감자전분에 닭날개를 묻혀 준비합니다. 닭날개를 튀기고 기름기를 제거하여 준비합니다. 소스 재료를 섞어 만들고 닭날개에 곁들여 내놓습니다.,,FALSE
179,씨앗호떡,한식,꿀호떡에 씨앗과 견과류를 섞어서 만듭니다. 팬에 기름을 두르고 호떡을 부칩니다. 꿀호떡에 씨앗과 견과류를 곁들여 내놓습니다.,,TRUE
180,돼지등갈비 김치찜,한식,"돼지등갈비를 손질하고 물에 불려 청소합니다. 냄비에 물과 김치, 양파, 마늘 등을 넣고 끓입니다. 끓는 물에 돼지갈비를 넣고 적당히 익혀 마무리하여 내놓습니다.",,FALSE
181,크림 파스타,양식,버터를 팬에 녹이고 다진 마늘을 볶습니다. 마늘이 익으면 파스타와 우유를 넣고 끓입니다. 적당한 농도가 되면 소금과 후추로 간을 하고 파마산치즈를 뿌려내놓습니다.,,TRUE
182,감자옹심이,한식,"감자와 부추, 버섯 등을 손질하고 썰어놓습니다. 감자옹심이 반죽을 만들어 부칩니다. 부친 감자옹심이에 소스를 곁들여 내놓습니다.",,TRUE
183,메밀전병,한식,"두부를 잘게 다지고 김치를 먹기 좋은 크기로 썰어 준비합니다. 볼에 메밀가루, 다진 소고기, 소금, 설탕을 넣고 잘 섞어줍니다. 물을 넣어서 반죽을 만들어줍니다. 팬에 식용유를 두르고 반죽을 한 숟가락씩 붓고 넓게 펴줍니다. 가운데에 두부와 김치를 얹고 가장자리를 반으로 접어줍니다. 둥글게 모양을 잡아가며 노릇하게 지져줍니다. 참기름을 조금 뿌려서 마무리해 완성합니다.",,FALSE
184,야채죽,한식,햅쌀을 씻어 물에 담가 불립니다. 재료를 손질하고 다져놓습니다. 끓는 물에 햅쌀과 재료를 넣고 죽을 끓입니다. 적당한 농도가 되면 소금과 참기름으로 간을 맞추어 내놓습니다.,,TRUE
185,칠리새우,중식,"대하 새우를 손질하고 간장, 설탕, 마늘, 고추장 등으로 양념을 합니다. 양념에 새우를 재워주고 냉장고에서 잠시 숙성시킵니다. 후라이팬에 식용유를 두르고 새우를 볶아내놓습니다.",,TRUE
186,매운닭발,한식,닭발을 손질하고 끓는 물에 삶아줍니다. 양념 재료를 섞어 매운 양념장을 만듭니다. 삶은 닭발에 양념장을 골고루 바르고 마무리하여 내놓습니다.,,FALSE
187,까르보나라 떡볶이,양식,"버터를 팬에 녹이고 양파와 베이컨을 볶습니다. 떡과 우유, 크림치즈를 넣고 끓입니다. 적당한 농도가 되면 파마산치즈를 뿌리고 마무리하여 내놓습니다.",,FALSE
188,새우왕만두,중식,만두 속 재료를 섞어서 만들어 냅니다. 만두피에 속 재료를 넣고 모양을 만들어냅니다. 냄비에 물을 끓여 만두를 삶아줍니다. 삶은 만두를 냄비에 담고 물을 부어 소스를 만들어내놓습니다.,,FALSE
189,미고랭,기타,미고랭과 다양한 채소를 손질하고 썰어냅니다. 볼에 미고랭과 채소를 넣고 양념 재료와 함께 섞어줍니다. 그릴에 구워 먹기 좋게 만들어내놓습니다.,,TRUE
190,리조또,양식,"밥과 채소, 소고기 등을 준비하여 손질합니다. 팬에 밥과 재료를 넣고 볶아줍니다. 적당한 농도가 되면 파마산치즈를 넣고 마무리하여 내놓습니다.",,FALSE
191,밥버거,한식,밥과 버거재료를 손질하고 조리합니다. 밥에 버거재료를 올려 한데 모아줍니다. 토핑과 소스로 마무리하여 내놓습니다.,,TRUE
192,감자그라탕,양식,감자를 손질하고 슬라이스합니다. 감자를 오븐용 용기에 쌓아넣고 소스를 뿌려줍니다. 오븐에서 익힌 후에 꺼내어 내놓습니다.,,TRUE
193,콩나물불고기,한식,콩나물과 고기를 손질하여 준비합니다. 팬에 고기와 채소를 볶아줍니다. 양념을 넣고 볶아 적당히 익힌 후 내놓습니다.,,FALSE
194,꼬막무침,한식,꼬막을 손질하고 삶아줍니다. 양념 재료를 섞어 꼬막에 고루 섞어주고 식혀 내놓습니다.,,TRUE
195,곤드레나물밥,한식,"곤드레나물을 씻어서 썰고, 밥을 준비합니다. 팬에 기름을 두르고 곤드레나물을 볶아줍니다. 볶은 곤드레나물을 밥과 함께 볶아내어 마무리합니다.",,TRUE
196,고추튀김,한식,고추를 준비하고 속재료를 넣어줍니다. 튀김옷을 만들어 고추에 입혀줍니다. 식용유에 튀겨서 바삭하게 익혀내어 내놓습니다.,,TRUE
197,묵은지감자탕,한식,"돼지고기를 준비하고 묵은지를 썰어냅니다. 냄비에 묵은지와 감자, 돼지고기를 넣고 물을 부어놓습니다. 적당히 익힌 후 국물과 함께 내놓습니다.",,FALSE
198,냉이 된장 파스타,양식,냉이와 조개를 씻어서 손질하고 파스타면을 삶아줍니다. 팬에 냉이와 조개를 볶아주고 파스타 면을 넣어 볶아줍니다. 간장과 다진 마늘을 넣고 마무리하여 내놓습니다.,,TRUE
199,파김치,한식,"쪽파를 채썰고, 배를 깍둑썰어 준비합니다. 대접에 쪽파와 배를 담고 까나리액젓, 고춧가루, 조청, 설탕, 찹쌀가루, 물을 섞어 만든 양념을 넣어 섞어줍니다. 잘 섞은 후 참깨를 뿌려 마무리하여 내놓습니다.",,TRUE
200,미소된장국,일식,"두부를 깍둑썰고, 대파를 어슷하게 썰어 준비합니다. 냄비에 물과 미소된장을 넣고 끓여줍니다. 끓기 시작하면 두부와 불린 미역을 넣고 적당히 익힌 후 쯔유를 넣어 간을 맞추어 내놓습니다.",,TRUE
