user_id,user_name,email,password,is_family_head,gender,age_group,is_vegan,preferred_cuisine,non_preferred_cuisine
1,김성훈,hyeonjun12@kakao.com,ce*&n2By5!,FALSE,man,10,TRUE,한식,일식
2,이미정,yeongceol01@naver.com,__PLyI1s(5,FALSE,woman,20,FALSE,양식,중식
3,박민서,junseoi@naver.com,)d6VcUh_8B,TRUE,man,30,TRUE,중식,양식
4,최채원,nbag@naver.com,^VGgv1lGE6,TRUE,woman,40,FALSE,일식,한식
5,노순자,eungyeongcoe@kakao.com,r6O93myl*2,TRUE,man,50,TRUE,한식,일식
6,박상현,cjo@kakao.com,SFUM#4Hq%9,TRUE,woman,60,FALSE,양식,중식
7,서순옥,oi@kakao.com,YD4WTWvY*+,FALSE,man,10,TRUE,중식,양식
8,박수민,iyeongjin@naver.com,(JSU#w)gn0,TRUE,woman,20,FALSE,일식,한식
9,홍춘자,jiyeong34@naver.com,EA93Rq74^k,TRUE,man,30,TRUE,한식,일식
10,김민수,zbag@naver.com,%81RhpBOBU,TRUE,woman,40,FALSE,양식,중식
11,이예지,jiyeonggim@kakao.com,ww9C^dQs!v,FALSE,man,50,TRUE,중식,양식
12,장은영,minseo32@naver.com,8Hno#9jj^c,FALSE,woman,60,FALSE,한식,일식
13,이지아,junyeongi@kakao.com,A15I)j$sZ^,FALSE,man,10,TRUE,양식,중식
14,김지혜,ueunseo@kakao.com,D9gXzg3g&D,FALSE,woman,20,FALSE,중식,양식
15,윤명자,seongsui@naver.com,EbB32Zn5($,FALSE,man,30,TRUE,일식,한식
16,장승민,gimminsu@kakao.com,V0WY8Fas&y,FALSE,woman,40,FALSE,한식,일식
17,박미숙,gangjeongung@kakao.com,s74i1J_xT^,TRUE,man,50,TRUE,양식,중식
18,구아름,jaeho65@kakao.com,@1hqGxwIl3,TRUE,woman,60,FALSE,중식,양식
19,황도현,jeonhyeonjun@naver.com,)jH^Up%X9w,TRUE,man,10,TRUE,일식,한식
20,김영자,sji@naver.com,7JIm&mfa%4,TRUE,woman,20,FALSE,한식,일식
21,박준호,eunseo71@kakao.com,K@W7He6uEG,TRUE,man,30,TRUE,양식,중식
22,김수빈,gimseoyeong@naver.com,#9b_5N$u18,FALSE,woman,40,FALSE,중식,양식
23,김상호,pgim@kakao.com,w4&o9L^l@q,TRUE,man,50,TRUE,한식,일식
24,이지은,byeongceol87@kakao.com,zp4UpJ_gK+,FALSE,woman,60,FALSE,양식,중식
25,송정남,pi@kakao.com,4GUUv7$3$3,FALSE,man,10,TRUE,중식,양식
26,이성진,myeongsug94@kakao.com,)SbfJVu0n5,FALSE,woman,20,FALSE,일식,한식
27,김광수,hwangjaeho@naver.com,+83AXp0gz_,FALSE,man,30,TRUE,한식,일식
28,강민석,ljang@naver.com,@WHr6U)z68,FALSE,woman,40,FALSE,양식,중식
29,신성호,san@kakao.com,B)5UrmfM+g,FALSE,man,50,TRUE,중식,양식
30,이상철,tbag@kakao.com,K#AF8A5Aaz,FALSE,woman,60,FALSE,일식,한식
31,박하은,songsanghun@kakao.com,@$1FqNmwE2,TRUE,man,10,TRUE,한식,일식
32,김성민,jieun20@kakao.com,Qz1bSHOh_!,FALSE,woman,20,FALSE,양식,중식
33,전주원,seungmin20@kakao.com,3tBl3Rb8#1,TRUE,man,30,TRUE,중식,양식
34,김은영,yejinson@kakao.com,TBb880Ee#y,FALSE,woman,40,FALSE,한식,일식
35,조경숙,eryu@naver.com,#15E5!Wb)W,TRUE,man,50,TRUE,양식,중식
36,박보람,gyeongjaan@kakao.com,1PKNTAam+K,FALSE,woman,60,FALSE,중식,양식
37,류영식,seohyeon07@naver.com,(ESn1)YtvY,FALSE,man,10,TRUE,일식,한식
38,최정수,gimsubin@kakao.com,ptM99TXk@#,TRUE,woman,20,FALSE,한식,일식
39,전예은,caeweoni@kakao.com,(4+CByP4Pu,FALSE,man,30,TRUE,양식,중식
40,배우진,bseong@naver.com,YF5G&Ues+d,TRUE,woman,40,FALSE,중식,양식
41,이정훈,myeongsuggim@naver.com,%8iYe_Vbq^,FALSE,man,50,TRUE,일식,한식
42,문영철,agim@naver.com,(uUyZD3a)1,FALSE,woman,60,FALSE,한식,일식
43,박승민,hongjihyeon@kakao.com,(93II0+shq,TRUE,man,10,TRUE,양식,중식
44,손정호,sugjaseo@naver.com,&k3e$IBohh,FALSE,woman,20,FALSE,중식,양식
45,우예원,sumin17@kakao.com,sz29YSDf1(,FALSE,man,30,TRUE,한식,일식
46,송지아,nbag@kakao.com,$rfO(_Je77,FALSE,woman,40,FALSE,양식,중식
47,최춘자,miyeong21@naver.com,mO2IpRkEJ+,FALSE,man,50,TRUE,중식,양식
48,배수진,hyeonjeong53@naver.com,q+2OTLAf2h,TRUE,woman,60,FALSE,일식,한식
49,심순자,pcoe@kakao.com,vf))8Fw45u,FALSE,man,10,TRUE,한식,일식
50,박지민,ci@naver.com,P6MYNyd&&j,TRUE,woman,20,FALSE,양식,중식
51,김진우,ibaeg@kakao.com,Gd%6J8je$V,FALSE,man,30,TRUE,중식,양식
52,김은서,kbag@naver.com,N)eUQvAx^8,FALSE,woman,40,FALSE,일식,한식
53,이영호,seojun56@naver.com,57OP_Bsc&v,TRUE,man,50,TRUE,한식,일식
54,신경수,gyeongsug04@naver.com,qG4iNW!h^8,TRUE,woman,60,FALSE,양식,중식
55,하지현,hayun16@kakao.com,t78R%Xn0#5,FALSE,man,10,TRUE,중식,양식
56,강성수,gangcunja@naver.com,(2+Nfl1k%5,TRUE,woman,20,FALSE,한식,일식
57,김동현,hi@kakao.com,gvMVRBhc*7,FALSE,man,30,TRUE,양식,중식
58,이민수,hyeonjun96@kakao.com,%R84Q@sp_o,FALSE,woman,40,FALSE,중식,양식
59,안순옥,minji28@naver.com,Q2OXjcZ$@o,TRUE,man,50,TRUE,일식,한식
60,고승현,bi@kakao.com,35KFXuu3_^,TRUE,woman,60,FALSE,한식,일식
61,박성현,ohyeonsug@kakao.com,7zY&j1Gm1z,FALSE,man,10,TRUE,양식,중식
62,윤동현,bagjongsu@kakao.com,(6GXwMdu*t,FALSE,woman,20,FALSE,중식,양식
63,윤윤서,qbag@kakao.com,B_@7ycNaBY,TRUE,man,30,TRUE,일식,한식
64,이지아,gimhyeonu@naver.com,)idENfXWg5,TRUE,woman,40,FALSE,한식,일식
65,최지원,yeongilgim@kakao.com,wp^N9EEhU3,TRUE,man,50,TRUE,양식,중식
66,박영환,gbag@kakao.com,M2_i(Oaj*v,TRUE,woman,60,FALSE,중식,양식
67,황현주,seunghyeoni@naver.com,$xPy!zHg9e,FALSE,man,10,TRUE,한식,일식
68,이수진,junseo41@naver.com,!zgJHtdcg7,FALSE,woman,20,FALSE,양식,중식
69,권보람,camiyeong@naver.com,Q))&n&Qt(6,FALSE,man,30,TRUE,중식,양식
70,김하은,jiyeonggim@naver.com,yP+6VjGDB+,TRUE,woman,40,FALSE,일식,한식
71,권현지,subin32@naver.com,m!o&I0PdJl,FALSE,man,50,TRUE,한식,일식
72,김서현,jeonghungim@kakao.com,1NZAj+Bo#7,FALSE,woman,60,FALSE,양식,중식
73,장정남,donghyeon26@kakao.com,^#ub5JLerc,TRUE,man,10,TRUE,중식,양식
74,박지민,bgwag@naver.com,6NZrFka((t,TRUE,woman,20,FALSE,일식,한식
75,박현우,songseoyeong@kakao.com,!6_27B_c1f,FALSE,man,30,TRUE,한식,일식
76,문선영,iminseo@kakao.com,&7ErWtHM#4,TRUE,woman,40,FALSE,양식,중식
77,박지훈,jeongnambag@kakao.com,!&l#Kfat8d,TRUE,man,50,TRUE,중식,양식
78,김민수,msong@kakao.com,P*ZIRr1o&0,FALSE,woman,60,FALSE,한식,일식
79,이수진,mijeongcoe@kakao.com,7JNBj1Nk)F,FALSE,man,10,TRUE,양식,중식
80,김준호,ogsunhan@kakao.com,@9U^ordi@7,FALSE,woman,20,FALSE,중식,양식
81,이지영,myeongsugbaeg@kakao.com,MgMEcBkY$4,TRUE,man,30,TRUE,일식,한식
82,문윤서,sgang@kakao.com,yMyFdFHp(3,TRUE,woman,40,FALSE,한식,일식
83,이영진,hyeonsug93@naver.com,&7KHNRwx*u,TRUE,man,50,TRUE,양식,중식
84,장영자,baghyeonjun@naver.com,^cQZ81Oza9,FALSE,woman,60,FALSE,중식,양식
85,김영식,qgim@kakao.com,Ov6kDky_d$,FALSE,man,10,TRUE,일식,한식
86,송현준,jeonghobag@kakao.com,7y&8No%iEP,TRUE,woman,20,FALSE,한식,일식
87,김주원,hajaeho@kakao.com,Wc6^WFwc+c,TRUE,man,30,TRUE,양식,중식
88,한하윤,jongsu91@kakao.com,tuZh0OAk@!,FALSE,woman,40,FALSE,중식,양식
89,배영일,ibae@kakao.com,^wpY6Im7@X,TRUE,man,50,TRUE,한식,일식
90,박미영,uyujin@kakao.com,Ri)FlC0h(4,TRUE,woman,60,FALSE,양식,중식
91,이승민,seohyeonhan@kakao.com,g1$6gBt@+v,FALSE,man,10,TRUE,중식,양식
92,이은경,eunjeong06@kakao.com,+3Cf!OsC4z,TRUE,woman,20,FALSE,일식,한식
93,서민지,sujin95@naver.com,kk7eD3yx&4,FALSE,man,30,TRUE,한식,일식
94,박경수,junhyeog69@naver.com,10_#SqOp^w,FALSE,woman,40,FALSE,양식,중식
95,김옥순,gojihye@naver.com,$8@JSzF+gh,FALSE,man,50,TRUE,중식,양식
96,유예준,wgim@naver.com,m9H3m4sr&b,FALSE,woman,60,FALSE,일식,한식
97,박은서,seoyunbag@naver.com,P)01yD!Hpp,FALSE,man,10,TRUE,한식,일식
98,류은서,gimdoyun@naver.com,Z2J$CVv$!P,FALSE,woman,20,FALSE,양식,중식
99,이동현,sunjaju@kakao.com,(Z2azYHyE2,FALSE,man,30,TRUE,중식,양식
100,남지훈,scoe@kakao.com,)blDJF*j39,FALSE,woman,40,FALSE,한식,일식
101,김민준,wgim@naver.com,5Jn7yD$xC%,FALSE,man,50,TRUE,양식,중식
102,최현준,seoyeonghyi@naver.com,r!)1B#4j88,FALSE,woman,60,FALSE,중식,양식
103,윤서윤,jangjimin@naver.com,_3$eNGrJ2h,FALSE,man,10,TRUE,일식,한식
104,유상현,bagseunghyeon@kakao.com,ZvdFvbPt&9,TRUE,woman,20,FALSE,한식,일식
105,홍수민,hyeonjun49@naver.com,#rT00HUpVb,FALSE,man,30,TRUE,양식,중식
106,박지현,sumin98@naver.com,(gECpHjG8*,FALSE,woman,40,FALSE,중식,양식
107,김정자,caeweon48@kakao.com,((D)W#oji5,FALSE,man,50,TRUE,일식,한식
108,이정식,ijaehyeon@kakao.com,m+E8&OYa79,FALSE,woman,60,FALSE,한식,일식
109,김병철,junyeong01@naver.com,L@2*hALz^b,TRUE,man,10,TRUE,양식,중식
110,김미경,gimyunseo@kakao.com,4ELtJ$rs#J,FALSE,woman,20,FALSE,중식,양식
111,전성현,sbag@naver.com,Np_9HoYD9p,FALSE,man,30,TRUE,한식,일식
112,김선영,ihayun@kakao.com,OQ0tjJSli^,FALSE,woman,40,FALSE,양식,중식
113,황영미,yeonghyii@naver.com,+5s6@IqB_c,FALSE,man,50,TRUE,중식,양식
114,안은영,jieun84@naver.com,2RgNb*7!@2,TRUE,woman,60,FALSE,일식,한식
115,최승현,minseogim@kakao.com,(PLe#KPm4n,FALSE,man,10,TRUE,한식,일식
116,김미영,oseong@kakao.com,O6FKjarI*f,FALSE,woman,20,FALSE,양식,일식
117,윤지훈,baghyeonju@kakao.com,N+O0QVjyt%,TRUE,man,30,TRUE,중식,한식
118,김도현,rgang@naver.com,c$j3W1s_$u,TRUE,woman,40,FALSE,일식,양식
119,이정남,jinho69@naver.com,Cr56C&IkW@,FALSE,man,50,TRUE,한식,중식
120,조유진,seonghobag@kakao.com,h_)I*^ky&3,TRUE,woman,60,FALSE,양식,일식
121,이정식,yeonghogim@naver.com,(a6Q&1QuVI,FALSE,man,10,TRUE,중식,한식
122,김성호,gweonsanghyeon@naver.com,N$%2YU0xOL,TRUE,woman,20,FALSE,한식,양식
123,김민준,jsong@naver.com,46&2G)1v_c,FALSE,man,30,TRUE,양식,중식
124,강준영,jeongsu61@naver.com,y)6HVPCZoy,FALSE,woman,40,FALSE,중식,일식
125,황현주,seungmin19@naver.com,%^!KD^+ba5,FALSE,man,50,TRUE,일식,한식
126,문지후,xgim@naver.com,^T1kEwzr#8,TRUE,woman,60,FALSE,한식,양식
127,유민재,gimjeongnam@kakao.com,%mWvA9VC1A,TRUE,man,10,TRUE,양식,중식
128,최동현,hyeonju12@naver.com,c*5JI(yi@u,FALSE,woman,20,FALSE,중식,일식
129,남상호,mi@naver.com,KHO88KqcM&,TRUE,man,30,TRUE,일식,일식
130,허상훈,han@naver.com,s9VkUpzz#v,TRUE,woman,40,FALSE,한식,한식
131,김광수,jeonghunmun@naver.com,jk_4%BFbMt,TRUE,man,50,TRUE,양식,양식
132,박지현,di@kakao.com,j(1RbSQco+,FALSE,woman,60,FALSE,중식,중식
133,김하은,seongmingim@naver.com,EP4atV4r_!,FALSE,man,10,TRUE,한식,일식
134,장주원,rgim@kakao.com,&%K^Uxe97x,FALSE,woman,20,FALSE,양식,한식
135,서경숙,sanghun12@naver.com,w*)k3&Mnfe,FALSE,man,30,TRUE,중식,양식
136,김승현,seongho07@naver.com,GJ@03Lt^97,TRUE,woman,40,FALSE,일식,중식
137,김성현,yeongil15@naver.com,sEVbkyMv+8,FALSE,man,50,TRUE,한식,일식
138,김예진,sseong@naver.com,$Q)kaVVmr2,FALSE,woman,60,FALSE,양식,한식
139,김지연,areum21@kakao.com,o_9ENzTicQ,FALSE,man,10,TRUE,중식,양식
140,이정훈,sanghyeon07@kakao.com,)#G_tIVr$6,FALSE,woman,20,FALSE,일식,중식
141,양승민,yejunim@naver.com,2pZZWCny%6,FALSE,man,30,TRUE,한식,양식
142,김영호,wjang@naver.com,7Ck_5Zpmin,FALSE,woman,40,FALSE,양식,한식
143,이현주,qnam@kakao.com,*8hDCnqUUA,FALSE,man,50,TRUE,중식,양식
144,박예은,junhyeogbag@kakao.com,S*56HG*wB*,TRUE,woman,60,FALSE,한식,일식
145,강영호,ti@kakao.com,73gcSiRl@1,TRUE,man,10,TRUE,양식,Null
146,안경수,ai@kakao.com,^x1L$@ZmA4,FALSE,woman,20,FALSE,중식,Null
147,정경희,ucoe@naver.com,@jgERgkQ55,FALSE,man,30,TRUE,일식,Null
148,이동현,coejeongsug@naver.com,_&7g3JMgiQ,FALSE,woman,40,FALSE,한식,Null
149,박영진,gimsangceol@naver.com,6A+3UWh4s5,FALSE,man,50,TRUE,양식,Null
150,박성민,cseo@naver.com,mi*)2EUces,TRUE,woman,60,FALSE,중식,Null
151,오정남,yeongsiggim@naver.com,)@0qfUggdA,TRUE,man,10,TRUE,일식,Null
152,서지연,gyeongsui@kakao.com,$HVXHV7ge2,TRUE,woman,20,FALSE,한식,Null
153,양상철,jeongsig30@naver.com,U6VeDPGf+i,FALSE,man,30,TRUE,양식,Null
154,이도윤,gyeongsugi@kakao.com,)mSKCKOm+2,FALSE,woman,40,FALSE,중식,Null
155,문은정,jinubag@naver.com,^kpFvz3u77,FALSE,man,50,TRUE,한식,Null
156,하정식,songhaeun@naver.com,!O1y%O)tM),TRUE,woman,60,FALSE,양식,Null
157,양예준,haseojun@kakao.com,q9+33L8u)w,TRUE,man,10,TRUE,중식,Null
158,홍예지,vi@kakao.com,$7iL9Muy_(,FALSE,woman,20,FALSE,일식,Null
159,윤현준,zgim@naver.com,(3b7FTbged,FALSE,man,30,TRUE,한식,Null
160,정영숙,jiuan@naver.com,7%T#_Pud&4,TRUE,woman,40,FALSE,양식,Null
161,오성현,gimyujin@kakao.com,@mVr2yPg6y,FALSE,man,50,TRUE,중식,Null
162,김민재,ijiyeon@naver.com,f^47ZXt@gO,TRUE,woman,60,FALSE,일식,Null
163,류수진,yeweonhwang@kakao.com,B)d10WGp_&,TRUE,man,10,TRUE,한식,Null
164,이수민,gweonjuweon@naver.com,*8VLtWu#w4,TRUE,woman,20,FALSE,양식,Null
165,장정호,yeongsug56@naver.com,*7UH5Ur5Ne,TRUE,man,30,TRUE,중식,Null
166,김상현,sonjaeho@naver.com,zl%0bNPv!1,TRUE,woman,40,FALSE,한식,Null
167,김정훈,gangjihye@kakao.com,&&9Qhjbw+L,TRUE,man,50,TRUE,양식,Null
168,김서연,hyeonjiju@kakao.com,*_vI06NiOj,TRUE,woman,60,FALSE,중식,Null
169,이현정,gyeongsu79@kakao.com,#N4Rd7M)t!,FALSE,man,10,TRUE,일식,Null
170,최성수,nbag@kakao.com,#FcWHO*dI9,TRUE,woman,20,FALSE,한식,Null
171,김현우,pi@naver.com,%60HI_pRCt,FALSE,man,30,TRUE,양식,Null
172,박서준,seongcaeweon@kakao.com,!p4Q5cOU*(,TRUE,woman,40,FALSE,중식,Null
173,김현지,nseo@naver.com,)0VF)Tu(Qu,FALSE,man,50,TRUE,일식,Null
174,박예원,junhogim@kakao.com,)lOK&5r@m3,TRUE,woman,60,FALSE,한식,Null
175,이은영,gimseonghyeon@naver.com,#NAME?,FALSE,man,10,TRUE,양식,Null
176,엄현숙,sgim@kakao.com,#m0OWHg9Uq,FALSE,woman,20,FALSE,중식,Null
177,김유진,yeonghwan55@naver.com,^77NglPmGx,TRUE,man,30,TRUE,한식,Null
178,김옥순,ki@kakao.com,G)78qWTiTy,FALSE,woman,40,FALSE,양식,Null
179,고정희,yeonggil70@naver.com,6n@60lDyTU,FALSE,man,50,TRUE,중식,Null
180,전건우,ji@naver.com,kL8*&VJaQ(,TRUE,woman,60,FALSE,일식,Null
181,김서윤,seungmin34@naver.com,iOw4Rcfnl#,FALSE,man,10,TRUE,한식,Null
182,김중수,jeongsug29@kakao.com,3+ogTjd4_Q,FALSE,woman,20,FALSE,양식,Null
183,이혜진,goseungmin@naver.com,B*2ODxO*jw,FALSE,man,30,TRUE,중식,Null
184,김민재,myeongja26@naver.com,_a3ASBnfd0,FALSE,woman,40,FALSE,일식,한식
185,김준영,miyeong34@naver.com,1_8GdL@liD,TRUE,man,50,TRUE,한식,일식
186,김정자,hanseoyun@kakao.com,I!vV%oo5*8,TRUE,woman,60,FALSE,양식,중식
187,오지현,sugjagim@naver.com,N#3XaNuu^0,FALSE,man,10,TRUE,중식,양식
188,황미정,ijeonghun@kakao.com,_3ZblXb$Z9,TRUE,woman,20,FALSE,한식,중식
189,최선영,bagyejun@kakao.com,F6^Ir7O)^w,TRUE,man,30,TRUE,양식,한식
190,이수진,gimgeonu@kakao.com,6Po5F4uu^5,TRUE,woman,40,FALSE,중식,일식
191,고준서,zim@kakao.com,kW^73VpK)E,FALSE,man,50,TRUE,일식,양식
192,송상철,myeongjacoe@naver.com,m2TOAHYC_q,TRUE,woman,60,FALSE,한식,Null
193,박진호,janghyeonu@kakao.com,&k05Z^o!s6,TRUE,man,10,TRUE,양식,Null
194,이선영,gimyejun@naver.com,+z8#C*Pjr@,FALSE,woman,20,FALSE,중식,Null
195,최채원,jeonghomun@naver.com,C9XJSuO_@&,TRUE,man,30,TRUE,일식,Null
196,김영희,gjeon@naver.com,B5aHzfnm+s,TRUE,woman,40,FALSE,한식,Null
197,최현지,yeonggil89@naver.com,162MCl_+%7,FALSE,man,50,TRUE,양식,Null
198,고미영,minseog38@kakao.com,_3YLt6TvY&,TRUE,woman,60,FALSE,중식,Null
199,이지민,bagseohyeon@kakao.com,f4Y4O4oP)*,TRUE,man,10,TRUE,한식,Null
200,최영수,gyeongsugi@kakao.com,+)H3jFv)m&,TRUE,woman,20,FALSE,양식,Null
201,김은정,jihuryu@kakao.com,MgaOMfYF&4,TRUE,man,30,TRUE,중식,Null
202,정영숙,jaeho19@naver.com,57k7Bn(x_$,FALSE,woman,40,FALSE,일식,Null
203,이영식,seojungim@kakao.com,#9UHDy^j7X,FALSE,man,50,TRUE,한식,Null
204,한민재,anhyeonju@kakao.com,@g4$V5XeGo,FALSE,woman,60,FALSE,양식,Null
205,송지훈,seoyun94@kakao.com,*(w!FbmZ(8,TRUE,man,10,TRUE,중식,Null
206,이윤서,hongareum@kakao.com,5RTGe+ME&R,FALSE,woman,20,FALSE,일식,Null
207,김영순,bagjunyeong@kakao.com,ED0SctjPp!,TRUE,man,30,TRUE,한식,Null
208,한광수,iyeongsu@naver.com,(#$7jRhe)@,FALSE,woman,40,FALSE,양식,Null
209,김성호,ujin95@naver.com,#pT9)+Ucg3,TRUE,man,50,TRUE,중식,Null
210,이현주,junho12@kakao.com,n2ZXVVg1!*,FALSE,woman,60,FALSE,한식,Null
211,박영진,jihyego@kakao.com,)hH)NgeQE9,FALSE,man,10,TRUE,양식,Null
212,박하윤,wan@kakao.com,Ix&UFbd)!3,FALSE,woman,20,FALSE,중식,Null
213,이하윤,jeongsuhong@naver.com,0QBZ_p)T%%,FALSE,man,30,TRUE,일식,Null
214,양지후,igweon@naver.com,Ogq^U8Tpx#,TRUE,woman,40,FALSE,한식,Null
215,이명자,baggyeongsu@kakao.com,))9ZqipL^s,FALSE,man,50,TRUE,양식,Null
216,박현정,oi@kakao.com,59DDmV3t*r,FALSE,woman,60,FALSE,중식,Null
217,민정자,minjigim@naver.com,)90bH^a67M,FALSE,man,10,TRUE,일식,양식
218,하현숙,yeonghwan56@naver.com,4wJjN8y1%W,FALSE,woman,20,FALSE,한식,중식
219,장선영,oi@kakao.com,4ppCJLg@@g,TRUE,man,30,TRUE,양식,한식
220,김민석,fi@kakao.com,fusL3vApx),TRUE,woman,40,FALSE,중식,일식
221,김서영,jiyeoni@kakao.com,l)7tI2Xu#q,FALSE,man,50,TRUE,한식,양식
222,오민석,ngwag@naver.com,$uuR)LzL6e,TRUE,woman,60,FALSE,양식,중식
223,최민재,yejun87@kakao.com,46P5^#oj$B,TRUE,man,10,TRUE,중식,한식
224,강정순,dgim@naver.com,Oj7hGeXiF@,FALSE,woman,20,FALSE,일식,한식
225,허경자,yeongil49@kakao.com,^f0z$gMmfy,FALSE,man,30,TRUE,한식,양식
226,곽영숙,ki@kakao.com,&5@IWUwvGx,TRUE,woman,40,FALSE,양식,중식
227,장정웅,hyeonjigim@naver.com,F&q(6Es1XO,FALSE,man,50,TRUE,중식,일식
228,이경자,doyun27@naver.com,^+6cSNwpwd,TRUE,woman,60,FALSE,일식,한식
229,김숙자,baghyeonjeong@naver.com,gYUV#Hrz+2,TRUE,man,10,TRUE,한식,양식
230,김광수,fsong@naver.com,Yn*XfPCt!2,FALSE,woman,20,FALSE,양식,중식
231,박경희,yeonghyi77@kakao.com,mN$8_KAh(&,FALSE,man,30,TRUE,중식,한식
232,홍민서,jia01@kakao.com,)o5DYXva0),FALSE,woman,40,FALSE,한식,양식
233,이현우,gbag@kakao.com,%RnXQqZxZ8,TRUE,man,50,TRUE,양식,중식
234,엄중수,yeongjin33@kakao.com,)lD97Pqi*^,TRUE,woman,60,FALSE,중식,일식
235,한춘자,chan@naver.com,Rz)5$CSfLU,FALSE,man,10,TRUE,일식,한식
236,조주원,minjuni@naver.com,Vz6L9aXY^y,TRUE,woman,20,FALSE,한식,양식
237,박명자,jeonghunhong@kakao.com,)PDA8o_bN9,FALSE,man,30,TRUE,양식,중식
238,진하윤,seominseog@naver.com,@LWDN4dbo4,FALSE,woman,40,FALSE,중식,일식
239,김경희,gimminji@naver.com,#w@91BFg$i,TRUE,man,50,TRUE,일식,한식
240,서시우,gyeonghyisim@naver.com,*FSCWnh*x7,TRUE,woman,60,FALSE,한식,양식
241,박준영,egim@kakao.com,W2CCJgP(^!,FALSE,man,10,TRUE,양식,중식
242,김승민,seomyeongja@naver.com,!q8u4X2jC(,TRUE,woman,20,FALSE,중식,한식
243,이영길,cju@kakao.com,3)6g4VUbQ(,TRUE,man,30,TRUE,한식,양식
244,류선영,minseo42@naver.com,3nS3x1#g+t,FALSE,woman,40,FALSE,양식,중식
245,김영일,hyeonuhan@kakao.com,#8OUjKiD#S,TRUE,man,50,TRUE,중식,일식
246,송은지,seongseojun@naver.com,$4LRrBIblA,TRUE,woman,60,FALSE,일식,한식
247,김시우,gimminseo@naver.com,0+&7MKlvS^,TRUE,man,10,TRUE,한식,양식
248,심지민,iyeongho@kakao.com,!F79fGAe+g,TRUE,woman,20,FALSE,양식,중식
249,우지원,jangseongjin@naver.com,Q#3$9bgo(G,FALSE,man,30,TRUE,중식,일식
250,강준영,areumbaeg@naver.com,*6_(EUkr(4,FALSE,woman,40,FALSE,일식,한식
251,박영진,gweoncunja@naver.com,90++G2PfOW,FALSE,man,50,TRUE,한식,양식
252,하정호,gyeongsui@kakao.com,32Q6BjSc#9,FALSE,woman,60,FALSE,양식,중식
253,최아름,jungsu14@naver.com,t_Y50Bv+l9,TRUE,man,10,TRUE,중식,한식
254,김진우,migyeong52@kakao.com,!E0ZKtuBXQ,FALSE,woman,20,FALSE,한식,양식
255,우종수,seoyeongbag@naver.com,L#jJ9Xhvy1,FALSE,man,30,TRUE,양식,중식
256,서숙자,minjae48@naver.com,)07nB0@LyQ,FALSE,woman,40,FALSE,중식,양식
257,김준서,iseongsu@kakao.com,tHT3OlpR+I,FALSE,man,50,TRUE,일식,중식
258,이수진,xsong@naver.com,qhO%2Ckf59,FALSE,woman,60,FALSE,한식,일식
259,손승민,wi@naver.com,AA6O&YoY8_,FALSE,man,10,TRUE,양식,한식
260,박정희,sonyujin@kakao.com,Y+O4Ycxqqc,TRUE,woman,20,FALSE,중식,양식
261,박현지,oi@kakao.com,t_&8JOroDx,TRUE,man,30,TRUE,일식,중식
262,김예준,aeom@naver.com,$pL5n+BcRm,TRUE,woman,40,FALSE,한식,일식
263,최민준,ijihye@kakao.com,OC9e9RgCH+,FALSE,man,50,TRUE,양식,한식
264,김영식,gimminsu@kakao.com,l$oe9xQaI2,FALSE,woman,60,FALSE,중식,양식
265,박하윤,iyun@naver.com,y@P96wHx*N,FALSE,man,10,TRUE,한식,중식
266,유서윤,jinhoi@naver.com,#1s(W8RqaE,TRUE,woman,20,FALSE,양식,한식
267,김영일,nbag@naver.com,5k7d0Vrdn%,FALSE,man,30,TRUE,중식,양식
268,김성진,haeun77@kakao.com,By+$f8Dif+,FALSE,woman,40,FALSE,일식,중식
269,장윤서,zgim@naver.com,HScep9Uiw!,FALSE,man,50,TRUE,한식,일식
270,김미영,dohyeonmun@naver.com,)8sf(2vK!E,TRUE,woman,60,FALSE,양식,한식
271,서하은,eunseobag@kakao.com,&N5TF^u8ug,FALSE,man,10,TRUE,중식,양식
272,윤아름,bagsunog@kakao.com,w(Z^3AXygX,TRUE,woman,20,FALSE,일식,중식
273,장지연,jaeho00@kakao.com,)l5hHoB$hZ,TRUE,man,30,TRUE,한식,일식
274,강민지,sanghoju@kakao.com,z@Kx^6Yy6M,TRUE,woman,40,FALSE,양식,한식
275,김서현,xi@kakao.com,^vZDbJwRu4,FALSE,man,50,TRUE,중식,양식
276,김옥자,tgim@naver.com,s7jizG_3&k,FALSE,woman,60,FALSE,한식,중식
277,김중수,yi@naver.com,03iICWkY%h,FALSE,man,10,TRUE,양식,한식
278,박중수,gimogsun@kakao.com,@!0w@Jij8S,TRUE,woman,20,FALSE,중식,양식
279,최현주,seoyeongbag@naver.com,8tNIl3D_^B,FALSE,man,30,TRUE,일식,중식
280,김정순,yejinsong@kakao.com,6MYLu4Xq$7,TRUE,woman,40,FALSE,한식,일식
281,김하은,sangho35@naver.com,%1z1(TTGon,TRUE,man,50,TRUE,양식,한식
282,이우진,ti@naver.com,7p+$tWiO+S,FALSE,woman,60,FALSE,중식,양식
283,양현주,iyeongmi@kakao.com,&51NrW!yt4,FALSE,man,10,TRUE,일식,중식
284,박승민,minseoseong@naver.com,(^*82UtSAd,FALSE,woman,20,FALSE,한식,일식
285,남지훈,junseo21@naver.com,&OpMTPkcT5,FALSE,man,30,TRUE,양식,한식
286,김민재,qyun@naver.com,_4xA&^cKuB,FALSE,woman,40,FALSE,중식,양식
287,최민준,jinui@naver.com,$1g(6Ccxw6,FALSE,man,50,TRUE,한식,중식
288,주성현,seongsui@kakao.com,+%3Y%Me2MS,FALSE,woman,60,FALSE,양식,한식
289,장준서,junyeong19@kakao.com,@_7no5dw9N,TRUE,man,10,TRUE,중식,양식
290,김수진,myeongjau@naver.com,(7pYH(%m&4,FALSE,woman,20,FALSE,일식,중식
291,김성민,yunjunho@kakao.com,$1gM#wWiHE,FALSE,man,30,TRUE,한식,일식
292,강지민,minjungim@kakao.com,)9LYKSvEt1,TRUE,woman,40,FALSE,양식,한식
293,문지민,geonu09@naver.com,ig@z4IhyYI,FALSE,man,50,TRUE,중식,양식
294,이예준,jeonghojang@kakao.com,&oV^OH!T37,TRUE,woman,60,FALSE,일식,중식
295,김현지,yi@kakao.com,$CLB5Noi)g,FALSE,man,10,TRUE,한식,일식
296,김지원,bgang@kakao.com,(S2#9TQgC3,FALSE,woman,20,FALSE,양식,한식
297,지성훈,lgim@naver.com,c#F96URtQw,FALSE,man,30,TRUE,중식,양식
298,송미영,jinho63@kakao.com,&29Ms$e%Fe,TRUE,woman,40,FALSE,한식,중식
299,한예지,yangseohyeon@naver.com,^*S0vCbB50,TRUE,man,50,TRUE,양식,한식
300,김영숙,heoboram@kakao.com,!FYG3GfScu,TRUE,woman,60,FALSE,중식,양식
301,이상훈,bagjinu@kakao.com,c59WqAGL*c,TRUE,man,10,TRUE,일식,중식
302,윤춘자,yhan@naver.com,0tE*2v+p!I,FALSE,woman,20,FALSE,한식,일식
303,최민준,yejii@naver.com,$DAm+S5Ou0,FALSE,man,30,TRUE,양식,한식
304,배상호,cgo@kakao.com,7QMa+aD%+w,TRUE,woman,40,FALSE,중식,양식
305,박현정,coejimin@kakao.com,Cv0cHNKuh!,TRUE,man,50,TRUE,일식,중식
306,고지민,ssim@kakao.com,y$J7)Qqh_+,TRUE,woman,60,FALSE,한식,일식
307,최우진,esim@naver.com,$%4GjFkY_V,FALSE,man,10,TRUE,양식,한식
308,김은정,dgim@kakao.com,XQq1eSHv)I,TRUE,woman,20,FALSE,중식,양식
309,윤주원,gimmijeong@naver.com,QNXDu#sl%3,FALSE,man,30,TRUE,한식,중식
310,김민수,yangyeongho@kakao.com,&aZ)jth0^5,TRUE,woman,40,FALSE,양식,한식
311,이예준,jiweon12@naver.com,u+2LSyw+Fg,TRUE,man,50,TRUE,중식,양식
312,박서윤,junho71@kakao.com,$HLkM$+z*2,FALSE,woman,60,FALSE,일식,중식
313,류은지,gimjeonghyi@kakao.com,%39T46Pmpr,TRUE,man,10,TRUE,한식,일식
314,김영호,noyeeun@naver.com,^BRJOKvmQ4,FALSE,woman,20,FALSE,양식,한식
315,이정남,zi@kakao.com,_)jBlhD&1m,FALSE,man,30,TRUE,중식,양식
316,김정수,ihyeonu@kakao.com,#52#gUNhat,TRUE,woman,40,FALSE,일식,중식
317,권주원,yeonggilcoe@kakao.com,_xIcP$jkR8,FALSE,man,50,TRUE,한식,일식
318,이순자,jeongjagim@kakao.com,@2IBQFow&8,TRUE,woman,60,FALSE,양식,한식
319,고정남,hyejingo@kakao.com,Z5ezKw)e#n,FALSE,man,10,TRUE,중식,양식
320,주현정,cunjagim@kakao.com,1eKxYFXy_x,TRUE,woman,20,FALSE,한식,중식
321,박건우,wi@kakao.com,4r_Gx0Bv$2,FALSE,man,30,TRUE,양식,한식
322,이숙자,nammyeongsug@naver.com,@5XgdNX&Zc,FALSE,woman,40,FALSE,중식,양식
323,배성수,geonugweon@naver.com,gI0p@Gpb+0,FALSE,man,50,TRUE,일식,중식
324,문성수,jeongsu28@naver.com,vh1U6Dco$M,TRUE,woman,60,FALSE,한식,일식
325,김정숙,yeweon31@kakao.com,V%S88PtB*b,TRUE,man,10,TRUE,양식,한식
326,김성호,eunjii@naver.com,en82qYf3O@,FALSE,woman,20,FALSE,중식,양식
327,서미영,tgo@kakao.com,9)(Q1AnQ^Z,TRUE,man,30,TRUE,일식,중식
328,최민재,minjaebag@kakao.com,ZKd5O4cO&&,TRUE,woman,40,FALSE,한식,일식
329,김은경,jeongsug33@naver.com,^7hU!8#h7x,TRUE,man,50,TRUE,양식,한식
330,이경수,gimjia@naver.com,M671K_MrH!,TRUE,woman,60,FALSE,중식,양식
331,이현주,yeongsigbag@naver.com,V@0TBX*w+D,FALSE,man,10,TRUE,한식,중식
332,백미정,siu00@kakao.com,xAu6QyL))!,TRUE,woman,20,FALSE,양식,한식
333,심지민,imgwangsu@kakao.com,ChKyUekr_7,FALSE,man,30,TRUE,중식,양식
334,김서준,jeongho76@kakao.com,_X@Hv0Kcs6,TRUE,woman,40,FALSE,일식,중식
335,권영길,seohyeongim@kakao.com,$Bgjn0Gjc2,FALSE,man,50,TRUE,한식,일식
336,조승민,gweonjiweon@naver.com,E9XAzpVG(u,TRUE,woman,60,FALSE,양식,한식
337,김영숙,siugim@naver.com,!4Ibim1H%4,FALSE,man,10,TRUE,중식,양식
338,진영호,jeonghyi64@kakao.com,G(+8J)uM8t,TRUE,woman,20,FALSE,일식,중식
339,김예준,jeonghobag@naver.com,^wizb9Qtp4,TRUE,man,30,TRUE,한식,일식
340,이수진,ngim@kakao.com,^6iDPkWGIc,FALSE,woman,40,FALSE,양식,한식
341,서정희,bagjihye@kakao.com,!56n^5AlRr,FALSE,man,50,TRUE,중식,양식
342,김선영,baggyeongsug@naver.com,kV4QjWXgR#,FALSE,woman,60,FALSE,한식,중식
343,김은서,sunjagim@naver.com,Cr2Q0hkO@Z,FALSE,man,10,TRUE,양식,한식
344,김주원,donghyeongim@naver.com,#NAME?,TRUE,woman,20,FALSE,중식,양식
345,서지영,bagmyeongja@kakao.com,nP)8VuOvOB,FALSE,man,30,TRUE,일식,중식
346,한현정,sugjagim@naver.com,A*0CgvHgw2,FALSE,woman,40,FALSE,한식,일식
347,박옥순,yejin89@kakao.com,*7JwQCbHkC,FALSE,man,50,TRUE,양식,한식
348,박경자,yeongsugson@naver.com,@t4Rb2ieS7,TRUE,woman,60,FALSE,중식,양식
349,김진호,imyeongsug@naver.com,Aj^J3Uhz$x,FALSE,man,10,TRUE,일식,중식
350,임미영,yeongsughan@kakao.com,lI1ZHwv&K_,TRUE,woman,20,FALSE,한식,일식
351,이정희,gangsumin@kakao.com,Y)1cDFe*L$,FALSE,man,30,TRUE,양식,한식
352,류도윤,jiweon10@kakao.com,^Jx_1Aug)2,FALSE,woman,40,FALSE,중식,양식
353,박서연,jihungim@naver.com,#NAME?,FALSE,man,50,TRUE,한식,중식
354,정영희,hwangyeonggil@naver.com,%FHeSNCq9H,FALSE,woman,60,FALSE,양식,한식
355,고은정,seongmincoe@kakao.com,*0V5dLwy&X,TRUE,man,10,TRUE,중식,양식
356,김영희,aim@kakao.com,cK7SmAoi%I,FALSE,woman,20,FALSE,일식,중식
357,이순옥,coeseongsu@kakao.com,#WDJh)E!g7,TRUE,man,30,TRUE,한식,일식
358,이현주,seojuni@naver.com,IR#3SLEr(U,TRUE,woman,40,FALSE,양식,한식
359,주서현,goyeongsig@kakao.com,^0PY$JHsQ6,FALSE,man,50,TRUE,중식,양식
360,김유진,ijeongho@kakao.com,%$59Eq%Q)R,TRUE,woman,60,FALSE,일식,중식
361,정지훈,misug63@kakao.com,H30gqKEg)(,FALSE,man,10,TRUE,한식,일식
362,김은주,seonghunsong@naver.com,#cVW#5ra6o,TRUE,woman,20,FALSE,양식,한식
363,이재현,songeunju@naver.com,$s6S+s7fOr,FALSE,man,30,TRUE,중식,양식
364,김정웅,hwangyeeun@kakao.com,!58w9HobjC,TRUE,woman,40,FALSE,한식,중식
365,한정순,wca@naver.com,!fq@P&Ax(9,FALSE,man,50,TRUE,양식,한식
366,신영수,jcoe@naver.com,#NAME?,TRUE,woman,60,FALSE,중식,양식
367,강서준,gimyeongsug@naver.com,980MqFwQY_,TRUE,man,10,TRUE,일식,중식
368,박예원,bagyeonggil@naver.com,_cgLG+&M%7,FALSE,woman,20,FALSE,한식,일식
369,김현준,seonghojang@kakao.com,F3@dNoNp+j,FALSE,man,30,TRUE,양식,한식
370,강현우,seunghyeon01@kakao.com,)gPuj*s9X9,TRUE,woman,40,FALSE,중식,양식
371,이상현,yeweon97@naver.com,pkI!i3Fs4+,FALSE,man,50,TRUE,일식,중식
372,홍영식,seohyeonjun@kakao.com,5Or)Tcj$(S,TRUE,woman,60,FALSE,한식,일식
373,최승현,junhyeogi@kakao.com,%8JuNwSSh^,FALSE,man,10,TRUE,양식,한식
374,권하윤,yejini@kakao.com,#REF!,TRUE,woman,20,FALSE,중식,양식
375,이옥순,dohyeon05@kakao.com,&ab#0Y^w6s,FALSE,man,30,TRUE,한식,중식
376,박민지,junyeong14@naver.com,lp22#IYo@y,TRUE,woman,40,FALSE,양식,한식
377,최주원,yanggwangsu@kakao.com,&((C2CcJtf,TRUE,man,50,TRUE,중식,양식
378,김민지,eu@kakao.com,#8hVenrz^p,TRUE,woman,60,FALSE,일식,중식
379,김영길,yejigang@kakao.com,sx*4Dxl8)&,FALSE,man,10,TRUE,한식,일식
380,백광수,yeonggil12@naver.com,&zR*moX7A0,FALSE,woman,20,FALSE,양식,한식
381,백은주,junhoson@naver.com,Jy6DAKd$E*,FALSE,man,30,TRUE,중식,양식
382,이정남,si@kakao.com,wx2qEgeX*S,TRUE,woman,40,FALSE,일식,중식
383,윤영미,vbag@kakao.com,*a1W_s_dk%,FALSE,man,50,TRUE,한식,일식
384,김준호,junyeong48@naver.com,L*3*sGwrBt,FALSE,woman,60,FALSE,양식,한식
385,이선영,boram06@kakao.com,_1$aPtUuf6,TRUE,man,10,TRUE,중식,양식
386,황광수,jeonghyi84@kakao.com,jfDOj5Br4!,TRUE,woman,20,FALSE,한식,중식
387,김현지,zgim@kakao.com,bH^F4GKhAs,FALSE,man,30,TRUE,양식,한식
388,유승현,gweonsujin@kakao.com,B#y1P2cHFk,TRUE,woman,40,FALSE,중식,양식
389,윤순자,hbag@kakao.com,0M71Vza+@_,FALSE,man,50,TRUE,일식,한식
390,김수빈,boram51@naver.com,6Or!K8B(%e,FALSE,woman,60,FALSE,한식,양식
391,김경자,imjunhyeog@kakao.com,Ulr9Fp6NN*,TRUE,man,10,TRUE,양식,중식
392,권경숙,seoyunjo@naver.com,)3WWB!(h)Y,FALSE,woman,20,FALSE,중식,일식
393,윤민지,iyeweon@kakao.com,SO*+92Vl7*,TRUE,man,30,TRUE,일식,한식
394,곽정남,heogyeonghyi@kakao.com,pe4K$LFa)^,FALSE,woman,40,FALSE,한식,양식
395,허은지,ogsunson@naver.com,!82IhUi)J8,FALSE,man,50,TRUE,양식,중식
396,김춘자,sujinhwang@kakao.com,)%3VNwXn%F,FALSE,woman,60,FALSE,중식,한식
397,송서현,hyeonjeong96@kakao.com,91TMv!VW_f,TRUE,man,10,TRUE,한식,양식
398,서아름,hanyeongsug@naver.com,9NR8)6Ak&Y,TRUE,woman,20,FALSE,양식,중식
399,박경희,sonyeongil@naver.com,#e%83Jpxkx,FALSE,man,30,TRUE,중식,일식
400,이수빈,seongsu08@kakao.com,)32B_JjG(K,TRUE,woman,40,FALSE,일식,한식
401,박미숙,haeunbag@kakao.com,$TdwJNrh69,FALSE,man,50,TRUE,한식,양식
402,이준서,wjang@kakao.com,Ufk@Ivrs%2,TRUE,woman,60,FALSE,양식,중식
403,김서윤,iryu@kakao.com,8X6eP1Wxs@,TRUE,man,10,TRUE,중식,일식
404,김성수,coegyeongsug@naver.com,Et5YvEG1V^,TRUE,woman,20,FALSE,일식,한식
405,임영식,gimseongjin@kakao.com,Vie%)4LpbO,TRUE,man,30,TRUE,한식,양식
406,박영미,jieungim@naver.com,H0^8SEPeR+,TRUE,woman,40,FALSE,양식,중식
407,심지원,bagyeongil@kakao.com,S65gKXSzx@,TRUE,man,50,TRUE,중식,한식
408,주영자,seoyungim@kakao.com,4dR1rDIh#j,TRUE,woman,60,FALSE,한식,양식
409,김수빈,seoyeong76@kakao.com,z)+6MDmnqZ,TRUE,man,10,TRUE,양식,중식
410,강재현,ncoe@naver.com,)*&9Dk)i((,TRUE,woman,20,FALSE,중식,일식
411,노성현,dhong@kakao.com,&21h_ZWklQ,TRUE,man,30,TRUE,일식,한식
412,조유진,sugjai@naver.com,001Pva0@!_,FALSE,woman,40,FALSE,한식,양식
413,김재현,bagyeongsig@naver.com,u#9(l^Jp3X,TRUE,man,50,TRUE,양식,중식
414,최우진,hwangseunghyeon@kakao.com,_(JDto(44b,TRUE,woman,60,FALSE,중식,일식
415,홍서윤,ki@kakao.com,@AS7E%1l2$,TRUE,man,10,TRUE,일식,한식
416,이영환,jcoe@kakao.com,xE)*4Tvh@J,TRUE,woman,20,FALSE,한식,양식
417,이성민,minjunhwang@kakao.com,T+nZwqJw+1,TRUE,man,30,TRUE,양식,중식
418,홍중수,jungsu78@kakao.com,(&7PIVfHLj,FALSE,woman,40,FALSE,중식,한식
419,한성수,gbag@naver.com,_9$Jd4dpnL,FALSE,man,50,TRUE,한식,양식
420,이영길,seongho58@kakao.com,Iao#8GArL4,TRUE,woman,60,FALSE,양식,중식
421,황수진,jiweongang@kakao.com,EuZ*Txrw#2,FALSE,man,10,TRUE,중식,일식
422,조지영,sangceolyu@naver.com,we6A&a5VI!,FALSE,woman,20,FALSE,일식,한식
423,박정웅,dohyeonjeong@naver.com,6UiX&yT(^1,TRUE,man,30,TRUE,한식,양식
424,이준호,eungyeongbag@naver.com,b79Hhexk!s,TRUE,woman,40,FALSE,양식,중식
425,최경자,jihyeon13@kakao.com,tjF3qZiq%p,FALSE,man,50,TRUE,중식,일식
426,차정웅,areum72@kakao.com,$sGjsA9cN1,TRUE,woman,60,FALSE,일식,한식
427,신수빈,fseo@naver.com,#11JXuXo0S,FALSE,man,10,TRUE,한식,양식
428,이승민,vhan@kakao.com,%#Nq1q#asX,TRUE,woman,20,FALSE,양식,중식
429,최유진,jeongung46@naver.com,6)gE#2epVP,FALSE,man,30,TRUE,중식,한식
430,이준호,yha@kakao.com,B33gBceR!Q,TRUE,woman,40,FALSE,한식,양식
431,서정희,jimineom@kakao.com,RH45PvzCs^,FALSE,man,50,TRUE,양식,중식
432,박광수,gimeunji@naver.com,@dV!u1d8K5,TRUE,woman,60,FALSE,중식,일식
433,임춘자,oca@kakao.com,*7CmNRe5g0,TRUE,man,10,TRUE,일식,한식
434,강성훈,ogjabag@kakao.com,dv13Bmns)u,TRUE,woman,20,FALSE,한식,양식
435,윤현우,hayun57@naver.com,@JaoOAZd0H,TRUE,man,30,TRUE,양식,중식
436,허영순,rgim@kakao.com,AMo2yRKa*M,FALSE,woman,40,FALSE,중식,일식
437,박채원,sanghyeonsong@naver.com,!tDNHlu)j0,TRUE,man,50,TRUE,일식,한식
438,강지은,seonghun15@kakao.com,*G&W0G&xzK,FALSE,woman,60,FALSE,한식,양식
439,남민석,igim@kakao.com,6wqFI24)*H,TRUE,man,10,TRUE,양식,중식
440,최영호,jihye95@kakao.com,NRdYaS!y#3,FALSE,woman,20,FALSE,중식,한식
441,박지아,rbag@naver.com,A#9WJnCiWq,FALSE,man,30,TRUE,한식,양식
442,김영일,miyeong74@naver.com,H+S8ST8t%),FALSE,woman,40,FALSE,양식,중식
443,박성훈,mgim@kakao.com,%(TR1Y)z^o,FALSE,man,50,TRUE,중식,일식
444,강정훈,seunghyeoni@naver.com,^NVJlFm(N0,FALSE,woman,60,FALSE,일식,한식
445,이진호,minseog32@kakao.com,F2GMeOG5@b,TRUE,man,10,TRUE,한식,양식
446,남주원,anbyeongceol@naver.com,(4VZg*2Zmd,FALSE,woman,20,FALSE,양식,중식
447,이영순,gimeunyeong@naver.com,ix9Y3kLw+9,FALSE,man,30,TRUE,중식,일식
448,오영식,gno@naver.com,$g+WMUV314,FALSE,woman,40,FALSE,일식,한식
449,김성민,ieungyeong@naver.com,86TN@yoA&&,TRUE,man,50,TRUE,한식,양식
450,이서윤,nseo@kakao.com,B@4W_ujM^U,TRUE,woman,60,FALSE,양식,중식
451,이옥순,seongmingim@naver.com,+(3Ph80YNt,FALSE,man,10,TRUE,중식,한식
452,최성훈,sunog25@naver.com,6LCKxlqF%u,TRUE,woman,20,FALSE,한식,양식
453,고서영,eungyeonggo@naver.com,*BA6GsQpsG,TRUE,man,30,TRUE,양식,중식
454,이성수,jeongho55@kakao.com,rpK&2GIzKD,TRUE,woman,40,FALSE,중식,일식
455,김채원,jeongnam60@kakao.com,m_8#nuWjdu,TRUE,man,50,TRUE,일식,한식
456,이미영,seoyunbag@naver.com,*!P2x_Jjh8,FALSE,woman,60,FALSE,한식,양식
457,이예지,junhyeogyang@kakao.com,ivEWCKr(+8,TRUE,man,10,TRUE,양식,중식
458,박은서,junhogim@naver.com,@VPm_f(r23,TRUE,woman,20,FALSE,중식,일식
459,김영희,junyeong89@naver.com,7p3YPtcU%D,FALSE,man,30,TRUE,일식,한식
460,권미영,baghayun@naver.com,(847AhjaMo,FALSE,woman,40,FALSE,한식,양식
461,이종수,hyeonjun52@naver.com,FdcKbhyc*3,FALSE,man,50,TRUE,양식,중식
462,전도윤,jiahan@kakao.com,(lkQH%EuJ8,FALSE,woman,60,FALSE,중식,한식
463,조미숙,lcoe@kakao.com,)q6dJCzt&B,TRUE,man,10,TRUE,한식,양식
464,서영호,gangogsun@kakao.com,b%2dRRgJ6L,TRUE,woman,20,FALSE,양식,중식
465,임수빈,lgim@naver.com,9%SGosCg#9,FALSE,man,30,TRUE,중식,일식
466,김순자,bi@naver.com,A)1VPgPi0^,FALSE,woman,40,FALSE,일식,한식
467,박민준,pi@kakao.com,*V2KZb!Fx3,TRUE,man,50,TRUE,한식,양식
468,장수민,hgim@kakao.com,*#5HS9bsOb,TRUE,woman,60,FALSE,양식,중식
469,김상철,hwangujin@kakao.com,1g@_l8AmCC,TRUE,man,10,TRUE,중식,일식
470,홍혜진,haeun73@kakao.com,q3XJyF)g!0,TRUE,woman,20,FALSE,일식,한식
471,최은서,junyeongu@naver.com,+GMShq)J$2,FALSE,man,30,TRUE,한식,양식
472,최준영,gimgyeonghyi@naver.com,p&O0Whb0+A,TRUE,woman,40,FALSE,양식,중식
473,김서연,hwangjihye@naver.com,w!!B6wAv!1,TRUE,man,50,TRUE,중식,한식
474,최도윤,vson@naver.com,%o0HpQ(fY%,TRUE,woman,60,FALSE,한식,양식
475,최영미,cunja83@kakao.com,67fuBeJu)V,TRUE,man,10,TRUE,양식,중식
476,김숙자,ijiyeon@kakao.com,*(b0lWQw^#,FALSE,woman,20,FALSE,중식,일식
477,황현준,xhwang@kakao.com,msV9hXStT(,TRUE,man,30,TRUE,일식,한식
478,허현지,qryu@naver.com,iE4@v6cz2#,TRUE,woman,40,FALSE,한식,양식
479,이지훈,junseogim@naver.com,0X&0VRwlQb,FALSE,man,50,TRUE,양식,중식
480,김숙자,iminsu@naver.com,$2y9^K_nI%,TRUE,woman,60,FALSE,중식,일식
481,오우진,seunghyeonno@kakao.com,%J4PJNPvT2,FALSE,man,10,TRUE,일식,한식
482,한지은,gangyeonghyi@kakao.com,t5CVS234+q,FALSE,woman,20,FALSE,한식,양식
483,주정수,iminsu@kakao.com,^NYxFM_L4F,FALSE,man,30,TRUE,양식,중식
484,박미숙,misugbag@kakao.com,HxF0!Xu$!u,TRUE,woman,40,FALSE,중식,한식
485,박종수,yejungang@kakao.com,&)gnZ9PvVU,TRUE,man,50,TRUE,한식,양식
486,홍상훈,ygim@naver.com,_(U1OV(Z1f,TRUE,woman,60,FALSE,양식,중식
487,이민수,yeonggil62@kakao.com,%9&Eqdz@)d,FALSE,man,10,TRUE,중식,일식
488,이예준,yeonggil88@naver.com,Mf^9LOJupZ,FALSE,woman,20,FALSE,일식,한식
489,이민지,seonyeongji@kakao.com,f85PGnjw+K,TRUE,man,30,TRUE,한식,양식
490,김현숙,seonyeonggim@naver.com,b1mJRr(k*x,FALSE,woman,40,FALSE,양식,중식
491,이예은,yeongsu93@kakao.com,(*1EL(djHq,FALSE,man,50,TRUE,중식,일식
492,이영환,jbag@kakao.com,_FyGuXDh^1,FALSE,woman,60,FALSE,일식,한식
493,최명자,sujinbag@kakao.com,&BL)5SqA(1,TRUE,man,10,TRUE,한식,양식
494,남영자,areum67@kakao.com,$*mu4NpkVo,TRUE,woman,20,FALSE,양식,일식
495,이정식,rgim@kakao.com,e57NsPBo$A,TRUE,man,30,TRUE,중식,일식
496,윤지혜,juweon77@kakao.com,!8Q0GSmGTw,TRUE,woman,40,FALSE,한식,일식
497,이윤서,hyeonjeong78@kakao.com,2p*VMoOj*U,FALSE,man,50,TRUE,양식,한식
498,이승현,yeongsuni@kakao.com,j9FrYRF(^G,FALSE,woman,60,FALSE,중식,양식
499,지정웅,sanghyeon52@naver.com,u1ii#XMa$5,FALSE,man,10,TRUE,일식,중식
500,이현우,jaeho56@kakao.com,&8vSW2Ce!q,FALSE,woman,20,FALSE,한식,일식
